Module,Module Number,Relationship,First Object Name,First Image Number,First Object Number,Second Object Name,Second Image Number,Second Object Number
MeasureObjectNeighbors,6,Neighbors,Cell,1,1,Cell,1,2
MeasureObjectNeighbors,6,Neighbors,Cell,1,1,Cell,1,3
MeasureObjectNeighbors,6,Neighbors,Cell,1,2,Cell,1,1
MeasureObjectNeighbors,6,Neighbors,Cell,1,2,Cell,1,3
MeasureObjectNeighbors,6,Neighbors,Cell,1,2,Cell,1,4
MeasureObjectNeighbors,6,Neighbors,Cell,1,3,Cell,1,1
MeasureObjectNeighbors,6,Neighbors,Cell,1,3,Cell,1,2
MeasureObjectNeighbors,6,Neighbors,Cell,1,3,Cell,1,4
MeasureObjectNeighbors,6,Neighbors,Cell,1,3,Cell,1,5
MeasureObjectNeighbors,6,Neighbors,Cell,1,3,Cell,1,6
MeasureObjectNeighbors,6,Neighbors,Cell,1,3,Cell,1,7
MeasureObjectNeighbors,6,Neighbors,Cell,1,4,Cell,1,2
MeasureObjectNeighbors,6,Neighbors,Cell,1,4,Cell,1,3
MeasureObjectNeighbors,6,Neighbors,Cell,1,4,Cell,1,5
MeasureObjectNeighbors,6,Neighbors,Cell,1,4,Cell,1,7
MeasureObjectNeighbors,6,Neighbors,Cell,1,5,Cell,1,3
MeasureObjectNeighbors,6,Neighbors,Cell,1,5,Cell,1,4
MeasureObjectNeighbors,6,Neighbors,Cell,1,5,Cell,1,6
MeasureObjectNeighbors,6,Neighbors,Cell,1,5,Cell,1,7
MeasureObjectNeighbors,6,Neighbors,Cell,1,6,Cell,1,3
MeasureObjectNeighbors,6,Neighbors,Cell,1,6,Cell,1,5
MeasureObjectNeighbors,6,Neighbors,Cell,1,6,Cell,1,7
MeasureObjectNeighbors,6,Neighbors,Cell,1,6,Cell,1,8
MeasureObjectNeighbors,6,Neighbors,Cell,1,7,Cell,1,3
MeasureObjectNeighbors,6,Neighbors,Cell,1,7,Cell,1,4
MeasureObjectNeighbors,6,Neighbors,Cell,1,7,Cell,1,5
MeasureObjectNeighbors,6,Neighbors,Cell,1,7,Cell,1,6
MeasureObjectNeighbors,6,Neighbors,Cell,1,7,Cell,1,8
MeasureObjectNeighbors,6,Neighbors,Cell,1,8,Cell,1,6
MeasureObjectNeighbors,6,Neighbors,Cell,1,8,Cell,1,7
MeasureObjectNeighbors,6,Neighbors,Cell,2,1,Cell,2,3
MeasureObjectNeighbors,6,Neighbors,Cell,2,1,Cell,2,5
MeasureObjectNeighbors,6,Neighbors,Cell,2,1,Cell,2,7
MeasureObjectNeighbors,6,Neighbors,Cell,2,2,Cell,2,4
MeasureObjectNeighbors,6,Neighbors,Cell,2,2,Cell,2,6
MeasureObjectNeighbors,6,Neighbors,Cell,2,3,Cell,2,1
MeasureObjectNeighbors,6,Neighbors,Cell,2,3,Cell,2,4
MeasureObjectNeighbors,6,Neighbors,Cell,2,3,Cell,2,5
MeasureObjectNeighbors,6,Neighbors,Cell,2,3,Cell,2,7
MeasureObjectNeighbors,6,Neighbors,Cell,2,3,Cell,2,8
MeasureObjectNeighbors,6,Neighbors,Cell,2,4,Cell,2,2
MeasureObjectNeighbors,6,Neighbors,Cell,2,4,Cell,2,3
MeasureObjectNeighbors,6,Neighbors,Cell,2,4,Cell,2,6
MeasureObjectNeighbors,6,Neighbors,Cell,2,4,Cell,2,7
MeasureObjectNeighbors,6,Neighbors,Cell,2,4,Cell,2,8
MeasureObjectNeighbors,6,Neighbors,Cell,2,4,Cell,2,9
MeasureObjectNeighbors,6,Neighbors,Cell,2,4,Cell,2,11
MeasureObjectNeighbors,6,Neighbors,Cell,2,5,Cell,2,1
MeasureObjectNeighbors,6,Neighbors,Cell,2,5,Cell,2,3
MeasureObjectNeighbors,6,Neighbors,Cell,2,5,Cell,2,7
MeasureObjectNeighbors,6,Neighbors,Cell,2,5,Cell,2,8
MeasureObjectNeighbors,6,Neighbors,Cell,2,6,Cell,2,2
MeasureObjectNeighbors,6,Neighbors,Cell,2,6,Cell,2,4
MeasureObjectNeighbors,6,Neighbors,Cell,2,6,Cell,2,7
MeasureObjectNeighbors,6,Neighbors,Cell,2,6,Cell,2,9
MeasureObjectNeighbors,6,Neighbors,Cell,2,6,Cell,2,10
MeasureObjectNeighbors,6,Neighbors,Cell,2,6,Cell,2,11
MeasureObjectNeighbors,6,Neighbors,Cell,2,7,Cell,2,1
MeasureObjectNeighbors,6,Neighbors,Cell,2,7,Cell,2,3
MeasureObjectNeighbors,6,Neighbors,Cell,2,7,Cell,2,4
MeasureObjectNeighbors,6,Neighbors,Cell,2,7,Cell,2,5
MeasureObjectNeighbors,6,Neighbors,Cell,2,7,Cell,2,6
MeasureObjectNeighbors,6,Neighbors,Cell,2,7,Cell,2,8
MeasureObjectNeighbors,6,Neighbors,Cell,2,7,Cell,2,9
MeasureObjectNeighbors,6,Neighbors,Cell,2,8,Cell,2,3
MeasureObjectNeighbors,6,Neighbors,Cell,2,8,Cell,2,4
MeasureObjectNeighbors,6,Neighbors,Cell,2,8,Cell,2,5
MeasureObjectNeighbors,6,Neighbors,Cell,2,8,Cell,2,7
MeasureObjectNeighbors,6,Neighbors,Cell,2,8,Cell,2,9
MeasureObjectNeighbors,6,Neighbors,Cell,2,8,Cell,2,12
MeasureObjectNeighbors,6,Neighbors,Cell,2,9,Cell,2,4
MeasureObjectNeighbors,6,Neighbors,Cell,2,9,Cell,2,6
MeasureObjectNeighbors,6,Neighbors,Cell,2,9,Cell,2,7
MeasureObjectNeighbors,6,Neighbors,Cell,2,9,Cell,2,8
MeasureObjectNeighbors,6,Neighbors,Cell,2,9,Cell,2,10
MeasureObjectNeighbors,6,Neighbors,Cell,2,9,Cell,2,11
MeasureObjectNeighbors,6,Neighbors,Cell,2,9,Cell,2,12
MeasureObjectNeighbors,6,Neighbors,Cell,2,10,Cell,2,6
MeasureObjectNeighbors,6,Neighbors,Cell,2,10,Cell,2,9
MeasureObjectNeighbors,6,Neighbors,Cell,2,10,Cell,2,11
MeasureObjectNeighbors,6,Neighbors,Cell,2,11,Cell,2,4
MeasureObjectNeighbors,6,Neighbors,Cell,2,11,Cell,2,6
MeasureObjectNeighbors,6,Neighbors,Cell,2,11,Cell,2,9
MeasureObjectNeighbors,6,Neighbors,Cell,2,11,Cell,2,10
MeasureObjectNeighbors,6,Neighbors,Cell,2,11,Cell,2,12
MeasureObjectNeighbors,6,Neighbors,Cell,2,12,Cell,2,8
MeasureObjectNeighbors,6,Neighbors,Cell,2,12,Cell,2,9
MeasureObjectNeighbors,6,Neighbors,Cell,2,12,Cell,2,11
MeasureObjectNeighbors,6,Neighbors,Cell,3,1,Cell,3,2
MeasureObjectNeighbors,6,Neighbors,Cell,3,1,Cell,3,3
MeasureObjectNeighbors,6,Neighbors,Cell,3,1,Cell,3,4
MeasureObjectNeighbors,6,Neighbors,Cell,3,1,Cell,3,6
MeasureObjectNeighbors,6,Neighbors,Cell,3,2,Cell,3,1
MeasureObjectNeighbors,6,Neighbors,Cell,3,2,Cell,3,3
MeasureObjectNeighbors,6,Neighbors,Cell,3,2,Cell,3,4
MeasureObjectNeighbors,6,Neighbors,Cell,3,2,Cell,3,5
MeasureObjectNeighbors,6,Neighbors,Cell,3,2,Cell,3,6
MeasureObjectNeighbors,6,Neighbors,Cell,3,2,Cell,3,7
MeasureObjectNeighbors,6,Neighbors,Cell,3,2,Cell,3,8
MeasureObjectNeighbors,6,Neighbors,Cell,3,2,Cell,3,10
MeasureObjectNeighbors,6,Neighbors,Cell,3,3,Cell,3,1
MeasureObjectNeighbors,6,Neighbors,Cell,3,3,Cell,3,2
MeasureObjectNeighbors,6,Neighbors,Cell,3,3,Cell,3,4
MeasureObjectNeighbors,6,Neighbors,Cell,3,3,Cell,3,5
MeasureObjectNeighbors,6,Neighbors,Cell,3,3,Cell,3,7
MeasureObjectNeighbors,6,Neighbors,Cell,3,3,Cell,3,8
MeasureObjectNeighbors,6,Neighbors,Cell,3,4,Cell,3,1
MeasureObjectNeighbors,6,Neighbors,Cell,3,4,Cell,3,2
MeasureObjectNeighbors,6,Neighbors,Cell,3,4,Cell,3,3
MeasureObjectNeighbors,6,Neighbors,Cell,3,4,Cell,3,6
MeasureObjectNeighbors,6,Neighbors,Cell,3,4,Cell,3,7
MeasureObjectNeighbors,6,Neighbors,Cell,3,4,Cell,3,8
MeasureObjectNeighbors,6,Neighbors,Cell,3,4,Cell,3,10
MeasureObjectNeighbors,6,Neighbors,Cell,3,5,Cell,3,2
MeasureObjectNeighbors,6,Neighbors,Cell,3,5,Cell,3,3
MeasureObjectNeighbors,6,Neighbors,Cell,3,5,Cell,3,7
MeasureObjectNeighbors,6,Neighbors,Cell,3,5,Cell,3,8
MeasureObjectNeighbors,6,Neighbors,Cell,3,5,Cell,3,9
MeasureObjectNeighbors,6,Neighbors,Cell,3,6,Cell,3,1
MeasureObjectNeighbors,6,Neighbors,Cell,3,6,Cell,3,2
MeasureObjectNeighbors,6,Neighbors,Cell,3,6,Cell,3,4
MeasureObjectNeighbors,6,Neighbors,Cell,3,6,Cell,3,7
MeasureObjectNeighbors,6,Neighbors,Cell,3,7,Cell,3,2
MeasureObjectNeighbors,6,Neighbors,Cell,3,7,Cell,3,3
MeasureObjectNeighbors,6,Neighbors,Cell,3,7,Cell,3,4
MeasureObjectNeighbors,6,Neighbors,Cell,3,7,Cell,3,5
MeasureObjectNeighbors,6,Neighbors,Cell,3,7,Cell,3,6
MeasureObjectNeighbors,6,Neighbors,Cell,3,7,Cell,3,8
MeasureObjectNeighbors,6,Neighbors,Cell,3,7,Cell,3,10
MeasureObjectNeighbors,6,Neighbors,Cell,3,8,Cell,3,2
MeasureObjectNeighbors,6,Neighbors,Cell,3,8,Cell,3,3
MeasureObjectNeighbors,6,Neighbors,Cell,3,8,Cell,3,4
MeasureObjectNeighbors,6,Neighbors,Cell,3,8,Cell,3,5
MeasureObjectNeighbors,6,Neighbors,Cell,3,8,Cell,3,7
MeasureObjectNeighbors,6,Neighbors,Cell,3,8,Cell,3,9
MeasureObjectNeighbors,6,Neighbors,Cell,3,8,Cell,3,10
MeasureObjectNeighbors,6,Neighbors,Cell,3,8,Cell,3,11
MeasureObjectNeighbors,6,Neighbors,Cell,3,8,Cell,3,12
MeasureObjectNeighbors,6,Neighbors,Cell,3,9,Cell,3,5
MeasureObjectNeighbors,6,Neighbors,Cell,3,9,Cell,3,8
MeasureObjectNeighbors,6,Neighbors,Cell,3,9,Cell,3,11
MeasureObjectNeighbors,6,Neighbors,Cell,3,9,Cell,3,12
MeasureObjectNeighbors,6,Neighbors,Cell,3,10,Cell,3,2
MeasureObjectNeighbors,6,Neighbors,Cell,3,10,Cell,3,4
MeasureObjectNeighbors,6,Neighbors,Cell,3,10,Cell,3,7
MeasureObjectNeighbors,6,Neighbors,Cell,3,10,Cell,3,8
MeasureObjectNeighbors,6,Neighbors,Cell,3,10,Cell,3,11
MeasureObjectNeighbors,6,Neighbors,Cell,3,11,Cell,3,8
MeasureObjectNeighbors,6,Neighbors,Cell,3,11,Cell,3,9
MeasureObjectNeighbors,6,Neighbors,Cell,3,11,Cell,3,10
MeasureObjectNeighbors,6,Neighbors,Cell,3,11,Cell,3,12
MeasureObjectNeighbors,6,Neighbors,Cell,3,12,Cell,3,8
MeasureObjectNeighbors,6,Neighbors,Cell,3,12,Cell,3,9
MeasureObjectNeighbors,6,Neighbors,Cell,3,12,Cell,3,11
MeasureObjectNeighbors,6,Neighbors,Cell,4,1,Cell,4,2
MeasureObjectNeighbors,6,Neighbors,Cell,4,1,Cell,4,3
MeasureObjectNeighbors,6,Neighbors,Cell,4,1,Cell,4,4
MeasureObjectNeighbors,6,Neighbors,Cell,4,1,Cell,4,5
MeasureObjectNeighbors,6,Neighbors,Cell,4,2,Cell,4,1
MeasureObjectNeighbors,6,Neighbors,Cell,4,2,Cell,4,3
MeasureObjectNeighbors,6,Neighbors,Cell,4,2,Cell,4,4
MeasureObjectNeighbors,6,Neighbors,Cell,4,2,Cell,4,5
MeasureObjectNeighbors,6,Neighbors,Cell,4,2,Cell,4,7
MeasureObjectNeighbors,6,Neighbors,Cell,4,3,Cell,4,1
MeasureObjectNeighbors,6,Neighbors,Cell,4,3,Cell,4,2
MeasureObjectNeighbors,6,Neighbors,Cell,4,3,Cell,4,4
MeasureObjectNeighbors,6,Neighbors,Cell,4,3,Cell,4,5
MeasureObjectNeighbors,6,Neighbors,Cell,4,3,Cell,4,6
MeasureObjectNeighbors,6,Neighbors,Cell,4,4,Cell,4,1
MeasureObjectNeighbors,6,Neighbors,Cell,4,4,Cell,4,2
MeasureObjectNeighbors,6,Neighbors,Cell,4,4,Cell,4,3
MeasureObjectNeighbors,6,Neighbors,Cell,4,4,Cell,4,5
MeasureObjectNeighbors,6,Neighbors,Cell,4,4,Cell,4,6
MeasureObjectNeighbors,6,Neighbors,Cell,4,4,Cell,4,7
MeasureObjectNeighbors,6,Neighbors,Cell,4,4,Cell,4,8
MeasureObjectNeighbors,6,Neighbors,Cell,4,5,Cell,4,1
MeasureObjectNeighbors,6,Neighbors,Cell,4,5,Cell,4,2
MeasureObjectNeighbors,6,Neighbors,Cell,4,5,Cell,4,3
MeasureObjectNeighbors,6,Neighbors,Cell,4,5,Cell,4,4
MeasureObjectNeighbors,6,Neighbors,Cell,4,5,Cell,4,7
MeasureObjectNeighbors,6,Neighbors,Cell,4,5,Cell,4,8
MeasureObjectNeighbors,6,Neighbors,Cell,4,6,Cell,4,3
MeasureObjectNeighbors,6,Neighbors,Cell,4,6,Cell,4,4
MeasureObjectNeighbors,6,Neighbors,Cell,4,6,Cell,4,8
MeasureObjectNeighbors,6,Neighbors,Cell,4,7,Cell,4,2
MeasureObjectNeighbors,6,Neighbors,Cell,4,7,Cell,4,4
MeasureObjectNeighbors,6,Neighbors,Cell,4,7,Cell,4,5
MeasureObjectNeighbors,6,Neighbors,Cell,4,7,Cell,4,9
MeasureObjectNeighbors,6,Neighbors,Cell,4,8,Cell,4,4
MeasureObjectNeighbors,6,Neighbors,Cell,4,8,Cell,4,5
MeasureObjectNeighbors,6,Neighbors,Cell,4,8,Cell,4,6
MeasureObjectNeighbors,6,Neighbors,Cell,4,8,Cell,4,9
MeasureObjectNeighbors,6,Neighbors,Cell,4,8,Cell,4,10
MeasureObjectNeighbors,6,Neighbors,Cell,4,8,Cell,4,11
MeasureObjectNeighbors,6,Neighbors,Cell,4,9,Cell,4,7
MeasureObjectNeighbors,6,Neighbors,Cell,4,9,Cell,4,8
MeasureObjectNeighbors,6,Neighbors,Cell,4,9,Cell,4,10
MeasureObjectNeighbors,6,Neighbors,Cell,4,9,Cell,4,11
MeasureObjectNeighbors,6,Neighbors,Cell,4,10,Cell,4,8
MeasureObjectNeighbors,6,Neighbors,Cell,4,10,Cell,4,9
MeasureObjectNeighbors,6,Neighbors,Cell,4,10,Cell,4,11
MeasureObjectNeighbors,6,Neighbors,Cell,4,10,Cell,4,12
MeasureObjectNeighbors,6,Neighbors,Cell,4,11,Cell,4,8
MeasureObjectNeighbors,6,Neighbors,Cell,4,11,Cell,4,9
MeasureObjectNeighbors,6,Neighbors,Cell,4,11,Cell,4,10
MeasureObjectNeighbors,6,Neighbors,Cell,4,11,Cell,4,12
MeasureObjectNeighbors,6,Neighbors,Cell,4,12,Cell,4,10
MeasureObjectNeighbors,6,Neighbors,Cell,4,12,Cell,4,11
MeasureObjectNeighbors,6,Neighbors,Cell,5,1,Cell,5,2
MeasureObjectNeighbors,6,Neighbors,Cell,5,1,Cell,5,4
MeasureObjectNeighbors,6,Neighbors,Cell,5,1,Cell,5,6
MeasureObjectNeighbors,6,Neighbors,Cell,5,2,Cell,5,1
MeasureObjectNeighbors,6,Neighbors,Cell,5,2,Cell,5,3
MeasureObjectNeighbors,6,Neighbors,Cell,5,2,Cell,5,4
MeasureObjectNeighbors,6,Neighbors,Cell,5,3,Cell,5,2
MeasureObjectNeighbors,6,Neighbors,Cell,5,3,Cell,5,4
MeasureObjectNeighbors,6,Neighbors,Cell,5,3,Cell,5,5
MeasureObjectNeighbors,6,Neighbors,Cell,5,3,Cell,5,7
MeasureObjectNeighbors,6,Neighbors,Cell,5,3,Cell,5,8
MeasureObjectNeighbors,6,Neighbors,Cell,5,3,Cell,5,9
MeasureObjectNeighbors,6,Neighbors,Cell,5,4,Cell,5,1
MeasureObjectNeighbors,6,Neighbors,Cell,5,4,Cell,5,2
MeasureObjectNeighbors,6,Neighbors,Cell,5,4,Cell,5,3
MeasureObjectNeighbors,6,Neighbors,Cell,5,4,Cell,5,8
MeasureObjectNeighbors,6,Neighbors,Cell,5,5,Cell,5,3
MeasureObjectNeighbors,6,Neighbors,Cell,5,5,Cell,5,7
MeasureObjectNeighbors,6,Neighbors,Cell,5,5,Cell,5,9
MeasureObjectNeighbors,6,Neighbors,Cell,5,6,Cell,5,1
MeasureObjectNeighbors,6,Neighbors,Cell,5,6,Cell,5,8
MeasureObjectNeighbors,6,Neighbors,Cell,5,6,Cell,5,10
MeasureObjectNeighbors,6,Neighbors,Cell,5,7,Cell,5,3
MeasureObjectNeighbors,6,Neighbors,Cell,5,7,Cell,5,5
MeasureObjectNeighbors,6,Neighbors,Cell,5,7,Cell,5,9
MeasureObjectNeighbors,6,Neighbors,Cell,5,8,Cell,5,3
MeasureObjectNeighbors,6,Neighbors,Cell,5,8,Cell,5,4
MeasureObjectNeighbors,6,Neighbors,Cell,5,8,Cell,5,6
MeasureObjectNeighbors,6,Neighbors,Cell,5,8,Cell,5,10
MeasureObjectNeighbors,6,Neighbors,Cell,5,8,Cell,5,11
MeasureObjectNeighbors,6,Neighbors,Cell,5,9,Cell,5,3
MeasureObjectNeighbors,6,Neighbors,Cell,5,9,Cell,5,5
MeasureObjectNeighbors,6,Neighbors,Cell,5,9,Cell,5,7
MeasureObjectNeighbors,6,Neighbors,Cell,5,9,Cell,5,11
MeasureObjectNeighbors,6,Neighbors,Cell,5,10,Cell,5,6
MeasureObjectNeighbors,6,Neighbors,Cell,5,10,Cell,5,8
MeasureObjectNeighbors,6,Neighbors,Cell,5,10,Cell,5,11
MeasureObjectNeighbors,6,Neighbors,Cell,5,11,Cell,5,8
MeasureObjectNeighbors,6,Neighbors,Cell,5,11,Cell,5,9
MeasureObjectNeighbors,6,Neighbors,Cell,5,11,Cell,5,10
MeasureObjectNeighbors,6,Neighbors,Cell,6,1,Cell,6,5
MeasureObjectNeighbors,6,Neighbors,Cell,6,1,Cell,6,6
MeasureObjectNeighbors,6,Neighbors,Cell,6,1,Cell,6,7
MeasureObjectNeighbors,6,Neighbors,Cell,6,1,Cell,6,9
MeasureObjectNeighbors,6,Neighbors,Cell,6,2,Cell,6,3
MeasureObjectNeighbors,6,Neighbors,Cell,6,2,Cell,6,4
MeasureObjectNeighbors,6,Neighbors,Cell,6,3,Cell,6,2
MeasureObjectNeighbors,6,Neighbors,Cell,6,3,Cell,6,4
MeasureObjectNeighbors,6,Neighbors,Cell,6,3,Cell,6,5
MeasureObjectNeighbors,6,Neighbors,Cell,6,3,Cell,6,8
MeasureObjectNeighbors,6,Neighbors,Cell,6,3,Cell,6,10
MeasureObjectNeighbors,6,Neighbors,Cell,6,4,Cell,6,2
MeasureObjectNeighbors,6,Neighbors,Cell,6,4,Cell,6,3
MeasureObjectNeighbors,6,Neighbors,Cell,6,4,Cell,6,8
MeasureObjectNeighbors,6,Neighbors,Cell,6,4,Cell,6,10
MeasureObjectNeighbors,6,Neighbors,Cell,6,5,Cell,6,1
MeasureObjectNeighbors,6,Neighbors,Cell,6,5,Cell,6,3
MeasureObjectNeighbors,6,Neighbors,Cell,6,5,Cell,6,7
MeasureObjectNeighbors,6,Neighbors,Cell,6,5,Cell,6,8
MeasureObjectNeighbors,6,Neighbors,Cell,6,5,Cell,6,9
MeasureObjectNeighbors,6,Neighbors,Cell,6,5,Cell,6,12
MeasureObjectNeighbors,6,Neighbors,Cell,6,6,Cell,6,1
MeasureObjectNeighbors,6,Neighbors,Cell,6,6,Cell,6,7
MeasureObjectNeighbors,6,Neighbors,Cell,6,6,Cell,6,9
MeasureObjectNeighbors,6,Neighbors,Cell,6,7,Cell,6,1
MeasureObjectNeighbors,6,Neighbors,Cell,6,7,Cell,6,5
MeasureObjectNeighbors,6,Neighbors,Cell,6,7,Cell,6,6
MeasureObjectNeighbors,6,Neighbors,Cell,6,7,Cell,6,8
MeasureObjectNeighbors,6,Neighbors,Cell,6,7,Cell,6,9
MeasureObjectNeighbors,6,Neighbors,Cell,6,7,Cell,6,12
MeasureObjectNeighbors,6,Neighbors,Cell,6,8,Cell,6,3
MeasureObjectNeighbors,6,Neighbors,Cell,6,8,Cell,6,4
MeasureObjectNeighbors,6,Neighbors,Cell,6,8,Cell,6,5
MeasureObjectNeighbors,6,Neighbors,Cell,6,8,Cell,6,7
MeasureObjectNeighbors,6,Neighbors,Cell,6,8,Cell,6,9
MeasureObjectNeighbors,6,Neighbors,Cell,6,8,Cell,6,10
MeasureObjectNeighbors,6,Neighbors,Cell,6,8,Cell,6,11
MeasureObjectNeighbors,6,Neighbors,Cell,6,8,Cell,6,12
MeasureObjectNeighbors,6,Neighbors,Cell,6,9,Cell,6,1
MeasureObjectNeighbors,6,Neighbors,Cell,6,9,Cell,6,5
MeasureObjectNeighbors,6,Neighbors,Cell,6,9,Cell,6,6
MeasureObjectNeighbors,6,Neighbors,Cell,6,9,Cell,6,7
MeasureObjectNeighbors,6,Neighbors,Cell,6,9,Cell,6,8
MeasureObjectNeighbors,6,Neighbors,Cell,6,9,Cell,6,12
MeasureObjectNeighbors,6,Neighbors,Cell,6,10,Cell,6,3
MeasureObjectNeighbors,6,Neighbors,Cell,6,10,Cell,6,4
MeasureObjectNeighbors,6,Neighbors,Cell,6,10,Cell,6,8
MeasureObjectNeighbors,6,Neighbors,Cell,6,10,Cell,6,11
MeasureObjectNeighbors,6,Neighbors,Cell,6,11,Cell,6,8
MeasureObjectNeighbors,6,Neighbors,Cell,6,11,Cell,6,10
MeasureObjectNeighbors,6,Neighbors,Cell,6,11,Cell,6,12
MeasureObjectNeighbors,6,Neighbors,Cell,6,12,Cell,6,5
MeasureObjectNeighbors,6,Neighbors,Cell,6,12,Cell,6,7
MeasureObjectNeighbors,6,Neighbors,Cell,6,12,Cell,6,8
MeasureObjectNeighbors,6,Neighbors,Cell,6,12,Cell,6,9
MeasureObjectNeighbors,6,Neighbors,Cell,6,12,Cell,6,11
MeasureObjectNeighbors,6,Neighbors,Cell,7,1,Cell,7,2
MeasureObjectNeighbors,6,Neighbors,Cell,7,1,Cell,7,3
MeasureObjectNeighbors,6,Neighbors,Cell,7,1,Cell,7,6
MeasureObjectNeighbors,6,Neighbors,Cell,7,2,Cell,7,1
MeasureObjectNeighbors,6,Neighbors,Cell,7,2,Cell,7,3
MeasureObjectNeighbors,6,Neighbors,Cell,7,2,Cell,7,4
MeasureObjectNeighbors,6,Neighbors,Cell,7,2,Cell,7,6
MeasureObjectNeighbors,6,Neighbors,Cell,7,2,Cell,7,7
MeasureObjectNeighbors,6,Neighbors,Cell,7,3,Cell,7,1
MeasureObjectNeighbors,6,Neighbors,Cell,7,3,Cell,7,2
MeasureObjectNeighbors,6,Neighbors,Cell,7,3,Cell,7,4
MeasureObjectNeighbors,6,Neighbors,Cell,7,3,Cell,7,5
MeasureObjectNeighbors,6,Neighbors,Cell,7,4,Cell,7,2
MeasureObjectNeighbors,6,Neighbors,Cell,7,4,Cell,7,3
MeasureObjectNeighbors,6,Neighbors,Cell,7,4,Cell,7,5
MeasureObjectNeighbors,6,Neighbors,Cell,7,4,Cell,7,6
MeasureObjectNeighbors,6,Neighbors,Cell,7,4,Cell,7,7
MeasureObjectNeighbors,6,Neighbors,Cell,7,4,Cell,7,8
MeasureObjectNeighbors,6,Neighbors,Cell,7,5,Cell,7,3
MeasureObjectNeighbors,6,Neighbors,Cell,7,5,Cell,7,4
MeasureObjectNeighbors,6,Neighbors,Cell,7,5,Cell,7,7
MeasureObjectNeighbors,6,Neighbors,Cell,7,5,Cell,7,8
MeasureObjectNeighbors,6,Neighbors,Cell,7,5,Cell,7,10
MeasureObjectNeighbors,6,Neighbors,Cell,7,6,Cell,7,1
MeasureObjectNeighbors,6,Neighbors,Cell,7,6,Cell,7,2
MeasureObjectNeighbors,6,Neighbors,Cell,7,6,Cell,7,4
MeasureObjectNeighbors,6,Neighbors,Cell,7,6,Cell,7,7
MeasureObjectNeighbors,6,Neighbors,Cell,7,7,Cell,7,2
MeasureObjectNeighbors,6,Neighbors,Cell,7,7,Cell,7,4
MeasureObjectNeighbors,6,Neighbors,Cell,7,7,Cell,7,5
MeasureObjectNeighbors,6,Neighbors,Cell,7,7,Cell,7,6
MeasureObjectNeighbors,6,Neighbors,Cell,7,7,Cell,7,8
MeasureObjectNeighbors,6,Neighbors,Cell,7,7,Cell,7,9
MeasureObjectNeighbors,6,Neighbors,Cell,7,7,Cell,7,11
MeasureObjectNeighbors,6,Neighbors,Cell,7,7,Cell,7,12
MeasureObjectNeighbors,6,Neighbors,Cell,7,8,Cell,7,4
MeasureObjectNeighbors,6,Neighbors,Cell,7,8,Cell,7,5
MeasureObjectNeighbors,6,Neighbors,Cell,7,8,Cell,7,7
MeasureObjectNeighbors,6,Neighbors,Cell,7,8,Cell,7,10
MeasureObjectNeighbors,6,Neighbors,Cell,7,8,Cell,7,11
MeasureObjectNeighbors,6,Neighbors,Cell,7,8,Cell,7,12
MeasureObjectNeighbors,6,Neighbors,Cell,7,8,Cell,7,13
MeasureObjectNeighbors,6,Neighbors,Cell,7,9,Cell,7,7
MeasureObjectNeighbors,6,Neighbors,Cell,7,9,Cell,7,11
MeasureObjectNeighbors,6,Neighbors,Cell,7,9,Cell,7,12
MeasureObjectNeighbors,6,Neighbors,Cell,7,10,Cell,7,5
MeasureObjectNeighbors,6,Neighbors,Cell,7,10,Cell,7,8
MeasureObjectNeighbors,6,Neighbors,Cell,7,10,Cell,7,13
MeasureObjectNeighbors,6,Neighbors,Cell,7,11,Cell,7,7
MeasureObjectNeighbors,6,Neighbors,Cell,7,11,Cell,7,8
MeasureObjectNeighbors,6,Neighbors,Cell,7,11,Cell,7,9
MeasureObjectNeighbors,6,Neighbors,Cell,7,11,Cell,7,12
MeasureObjectNeighbors,6,Neighbors,Cell,7,11,Cell,7,13
MeasureObjectNeighbors,6,Neighbors,Cell,7,12,Cell,7,7
MeasureObjectNeighbors,6,Neighbors,Cell,7,12,Cell,7,8
MeasureObjectNeighbors,6,Neighbors,Cell,7,12,Cell,7,9
MeasureObjectNeighbors,6,Neighbors,Cell,7,12,Cell,7,11
MeasureObjectNeighbors,6,Neighbors,Cell,7,12,Cell,7,13
MeasureObjectNeighbors,6,Neighbors,Cell,7,13,Cell,7,8
MeasureObjectNeighbors,6,Neighbors,Cell,7,13,Cell,7,10
MeasureObjectNeighbors,6,Neighbors,Cell,7,13,Cell,7,11
MeasureObjectNeighbors,6,Neighbors,Cell,7,13,Cell,7,12
MeasureObjectNeighbors,6,Neighbors,Cell,8,1,Cell,8,2
MeasureObjectNeighbors,6,Neighbors,Cell,8,1,Cell,8,3
MeasureObjectNeighbors,6,Neighbors,Cell,8,1,Cell,8,4
MeasureObjectNeighbors,6,Neighbors,Cell,8,1,Cell,8,5
MeasureObjectNeighbors,6,Neighbors,Cell,8,1,Cell,8,6
MeasureObjectNeighbors,6,Neighbors,Cell,8,2,Cell,8,1
MeasureObjectNeighbors,6,Neighbors,Cell,8,2,Cell,8,3
MeasureObjectNeighbors,6,Neighbors,Cell,8,2,Cell,8,4
MeasureObjectNeighbors,6,Neighbors,Cell,8,2,Cell,8,6
MeasureObjectNeighbors,6,Neighbors,Cell,8,3,Cell,8,1
MeasureObjectNeighbors,6,Neighbors,Cell,8,3,Cell,8,2
MeasureObjectNeighbors,6,Neighbors,Cell,8,3,Cell,8,4
MeasureObjectNeighbors,6,Neighbors,Cell,8,3,Cell,8,5
MeasureObjectNeighbors,6,Neighbors,Cell,8,3,Cell,8,6
MeasureObjectNeighbors,6,Neighbors,Cell,8,3,Cell,8,7
MeasureObjectNeighbors,6,Neighbors,Cell,8,4,Cell,8,1
MeasureObjectNeighbors,6,Neighbors,Cell,8,4,Cell,8,2
MeasureObjectNeighbors,6,Neighbors,Cell,8,4,Cell,8,3
MeasureObjectNeighbors,6,Neighbors,Cell,8,4,Cell,8,6
MeasureObjectNeighbors,6,Neighbors,Cell,8,4,Cell,8,7
MeasureObjectNeighbors,6,Neighbors,Cell,8,4,Cell,8,10
MeasureObjectNeighbors,6,Neighbors,Cell,8,5,Cell,8,1
MeasureObjectNeighbors,6,Neighbors,Cell,8,5,Cell,8,3
MeasureObjectNeighbors,6,Neighbors,Cell,8,5,Cell,8,6
MeasureObjectNeighbors,6,Neighbors,Cell,8,5,Cell,8,7
MeasureObjectNeighbors,6,Neighbors,Cell,8,5,Cell,8,8
MeasureObjectNeighbors,6,Neighbors,Cell,8,5,Cell,8,9
MeasureObjectNeighbors,6,Neighbors,Cell,8,5,Cell,8,11
MeasureObjectNeighbors,6,Neighbors,Cell,8,6,Cell,8,1
MeasureObjectNeighbors,6,Neighbors,Cell,8,6,Cell,8,2
MeasureObjectNeighbors,6,Neighbors,Cell,8,6,Cell,8,3
MeasureObjectNeighbors,6,Neighbors,Cell,8,6,Cell,8,4
MeasureObjectNeighbors,6,Neighbors,Cell,8,6,Cell,8,5
MeasureObjectNeighbors,6,Neighbors,Cell,8,6,Cell,8,7
MeasureObjectNeighbors,6,Neighbors,Cell,8,6,Cell,8,10
MeasureObjectNeighbors,6,Neighbors,Cell,8,7,Cell,8,3
MeasureObjectNeighbors,6,Neighbors,Cell,8,7,Cell,8,4
MeasureObjectNeighbors,6,Neighbors,Cell,8,7,Cell,8,5
MeasureObjectNeighbors,6,Neighbors,Cell,8,7,Cell,8,6
MeasureObjectNeighbors,6,Neighbors,Cell,8,7,Cell,8,8
MeasureObjectNeighbors,6,Neighbors,Cell,8,7,Cell,8,10
MeasureObjectNeighbors,6,Neighbors,Cell,8,7,Cell,8,11
MeasureObjectNeighbors,6,Neighbors,Cell,8,8,Cell,8,5
MeasureObjectNeighbors,6,Neighbors,Cell,8,8,Cell,8,7
MeasureObjectNeighbors,6,Neighbors,Cell,8,8,Cell,8,9
MeasureObjectNeighbors,6,Neighbors,Cell,8,8,Cell,8,10
MeasureObjectNeighbors,6,Neighbors,Cell,8,8,Cell,8,11
MeasureObjectNeighbors,6,Neighbors,Cell,8,9,Cell,8,5
MeasureObjectNeighbors,6,Neighbors,Cell,8,9,Cell,8,8
MeasureObjectNeighbors,6,Neighbors,Cell,8,9,Cell,8,11
MeasureObjectNeighbors,6,Neighbors,Cell,8,10,Cell,8,4
MeasureObjectNeighbors,6,Neighbors,Cell,8,10,Cell,8,6
MeasureObjectNeighbors,6,Neighbors,Cell,8,10,Cell,8,7
MeasureObjectNeighbors,6,Neighbors,Cell,8,10,Cell,8,8
MeasureObjectNeighbors,6,Neighbors,Cell,8,10,Cell,8,11
MeasureObjectNeighbors,6,Neighbors,Cell,8,10,Cell,8,12
MeasureObjectNeighbors,6,Neighbors,Cell,8,11,Cell,8,5
MeasureObjectNeighbors,6,Neighbors,Cell,8,11,Cell,8,7
MeasureObjectNeighbors,6,Neighbors,Cell,8,11,Cell,8,8
MeasureObjectNeighbors,6,Neighbors,Cell,8,11,Cell,8,9
MeasureObjectNeighbors,6,Neighbors,Cell,8,11,Cell,8,10
MeasureObjectNeighbors,6,Neighbors,Cell,8,12,Cell,8,10
MeasureObjectNeighbors,6,Neighbors,Cell,9,1,Cell,9,2
MeasureObjectNeighbors,6,Neighbors,Cell,9,1,Cell,9,3
MeasureObjectNeighbors,6,Neighbors,Cell,9,2,Cell,9,1
MeasureObjectNeighbors,6,Neighbors,Cell,9,2,Cell,9,3
MeasureObjectNeighbors,6,Neighbors,Cell,9,2,Cell,9,5
MeasureObjectNeighbors,6,Neighbors,Cell,9,3,Cell,9,1
MeasureObjectNeighbors,6,Neighbors,Cell,9,3,Cell,9,2
MeasureObjectNeighbors,6,Neighbors,Cell,9,3,Cell,9,5
MeasureObjectNeighbors,6,Neighbors,Cell,9,4,Cell,9,6
MeasureObjectNeighbors,6,Neighbors,Cell,9,4,Cell,9,8
MeasureObjectNeighbors,6,Neighbors,Cell,9,5,Cell,9,2
MeasureObjectNeighbors,6,Neighbors,Cell,9,5,Cell,9,3
MeasureObjectNeighbors,6,Neighbors,Cell,9,6,Cell,9,4
MeasureObjectNeighbors,6,Neighbors,Cell,9,6,Cell,9,7
MeasureObjectNeighbors,6,Neighbors,Cell,9,6,Cell,9,8
MeasureObjectNeighbors,6,Neighbors,Cell,9,6,Cell,9,9
MeasureObjectNeighbors,6,Neighbors,Cell,9,7,Cell,9,6
MeasureObjectNeighbors,6,Neighbors,Cell,9,7,Cell,9,8
MeasureObjectNeighbors,6,Neighbors,Cell,9,7,Cell,9,9
MeasureObjectNeighbors,6,Neighbors,Cell,9,8,Cell,9,4
MeasureObjectNeighbors,6,Neighbors,Cell,9,8,Cell,9,6
MeasureObjectNeighbors,6,Neighbors,Cell,9,8,Cell,9,7
MeasureObjectNeighbors,6,Neighbors,Cell,9,8,Cell,9,9
MeasureObjectNeighbors,6,Neighbors,Cell,9,9,Cell,9,6
MeasureObjectNeighbors,6,Neighbors,Cell,9,9,Cell,9,7
MeasureObjectNeighbors,6,Neighbors,Cell,9,9,Cell,9,8
MeasureObjectNeighbors,6,Neighbors,Cell,10,1,Cell,10,2
MeasureObjectNeighbors,6,Neighbors,Cell,10,1,Cell,10,3
MeasureObjectNeighbors,6,Neighbors,Cell,10,1,Cell,10,4
MeasureObjectNeighbors,6,Neighbors,Cell,10,1,Cell,10,5
MeasureObjectNeighbors,6,Neighbors,Cell,10,1,Cell,10,6
MeasureObjectNeighbors,6,Neighbors,Cell,10,1,Cell,10,7
MeasureObjectNeighbors,6,Neighbors,Cell,10,2,Cell,10,1
MeasureObjectNeighbors,6,Neighbors,Cell,10,2,Cell,10,3
MeasureObjectNeighbors,6,Neighbors,Cell,10,2,Cell,10,4
MeasureObjectNeighbors,6,Neighbors,Cell,10,2,Cell,10,6
MeasureObjectNeighbors,6,Neighbors,Cell,10,2,Cell,10,7
MeasureObjectNeighbors,6,Neighbors,Cell,10,3,Cell,10,1
MeasureObjectNeighbors,6,Neighbors,Cell,10,3,Cell,10,2
MeasureObjectNeighbors,6,Neighbors,Cell,10,3,Cell,10,4
MeasureObjectNeighbors,6,Neighbors,Cell,10,3,Cell,10,5
MeasureObjectNeighbors,6,Neighbors,Cell,10,3,Cell,10,7
MeasureObjectNeighbors,6,Neighbors,Cell,10,4,Cell,10,1
MeasureObjectNeighbors,6,Neighbors,Cell,10,4,Cell,10,2
MeasureObjectNeighbors,6,Neighbors,Cell,10,4,Cell,10,3
MeasureObjectNeighbors,6,Neighbors,Cell,10,4,Cell,10,5
MeasureObjectNeighbors,6,Neighbors,Cell,10,4,Cell,10,6
MeasureObjectNeighbors,6,Neighbors,Cell,10,4,Cell,10,7
MeasureObjectNeighbors,6,Neighbors,Cell,10,5,Cell,10,1
MeasureObjectNeighbors,6,Neighbors,Cell,10,5,Cell,10,3
MeasureObjectNeighbors,6,Neighbors,Cell,10,5,Cell,10,4
MeasureObjectNeighbors,6,Neighbors,Cell,10,5,Cell,10,7
MeasureObjectNeighbors,6,Neighbors,Cell,10,6,Cell,10,1
MeasureObjectNeighbors,6,Neighbors,Cell,10,6,Cell,10,2
MeasureObjectNeighbors,6,Neighbors,Cell,10,6,Cell,10,4
MeasureObjectNeighbors,6,Neighbors,Cell,10,6,Cell,10,7
MeasureObjectNeighbors,6,Neighbors,Cell,10,7,Cell,10,1
MeasureObjectNeighbors,6,Neighbors,Cell,10,7,Cell,10,2
MeasureObjectNeighbors,6,Neighbors,Cell,10,7,Cell,10,3
MeasureObjectNeighbors,6,Neighbors,Cell,10,7,Cell,10,4
MeasureObjectNeighbors,6,Neighbors,Cell,10,7,Cell,10,5
MeasureObjectNeighbors,6,Neighbors,Cell,10,7,Cell,10,6
MeasureObjectNeighbors,6,Neighbors,Cell,11,1,Cell,11,2
MeasureObjectNeighbors,6,Neighbors,Cell,11,1,Cell,11,3
MeasureObjectNeighbors,6,Neighbors,Cell,11,1,Cell,11,4
MeasureObjectNeighbors,6,Neighbors,Cell,11,1,Cell,11,6
MeasureObjectNeighbors,6,Neighbors,Cell,11,1,Cell,11,11
MeasureObjectNeighbors,6,Neighbors,Cell,11,2,Cell,11,1
MeasureObjectNeighbors,6,Neighbors,Cell,11,2,Cell,11,3
MeasureObjectNeighbors,6,Neighbors,Cell,11,2,Cell,11,4
MeasureObjectNeighbors,6,Neighbors,Cell,11,2,Cell,11,6
MeasureObjectNeighbors,6,Neighbors,Cell,11,2,Cell,11,7
MeasureObjectNeighbors,6,Neighbors,Cell,11,2,Cell,11,11
MeasureObjectNeighbors,6,Neighbors,Cell,11,3,Cell,11,1
MeasureObjectNeighbors,6,Neighbors,Cell,11,3,Cell,11,2
MeasureObjectNeighbors,6,Neighbors,Cell,11,3,Cell,11,4
MeasureObjectNeighbors,6,Neighbors,Cell,11,3,Cell,11,5
MeasureObjectNeighbors,6,Neighbors,Cell,11,3,Cell,11,7
MeasureObjectNeighbors,6,Neighbors,Cell,11,3,Cell,11,8
MeasureObjectNeighbors,6,Neighbors,Cell,11,4,Cell,11,1
MeasureObjectNeighbors,6,Neighbors,Cell,11,4,Cell,11,2
MeasureObjectNeighbors,6,Neighbors,Cell,11,4,Cell,11,3
MeasureObjectNeighbors,6,Neighbors,Cell,11,4,Cell,11,6
MeasureObjectNeighbors,6,Neighbors,Cell,11,4,Cell,11,7
MeasureObjectNeighbors,6,Neighbors,Cell,11,4,Cell,11,8
MeasureObjectNeighbors,6,Neighbors,Cell,11,4,Cell,11,9
MeasureObjectNeighbors,6,Neighbors,Cell,11,4,Cell,11,10
MeasureObjectNeighbors,6,Neighbors,Cell,11,5,Cell,11,3
MeasureObjectNeighbors,6,Neighbors,Cell,11,5,Cell,11,7
MeasureObjectNeighbors,6,Neighbors,Cell,11,5,Cell,11,8
MeasureObjectNeighbors,6,Neighbors,Cell,11,6,Cell,11,1
MeasureObjectNeighbors,6,Neighbors,Cell,11,6,Cell,11,2
MeasureObjectNeighbors,6,Neighbors,Cell,11,6,Cell,11,4
MeasureObjectNeighbors,6,Neighbors,Cell,11,6,Cell,11,7
MeasureObjectNeighbors,6,Neighbors,Cell,11,6,Cell,11,9
MeasureObjectNeighbors,6,Neighbors,Cell,11,6,Cell,11,10
MeasureObjectNeighbors,6,Neighbors,Cell,11,6,Cell,11,11
MeasureObjectNeighbors,6,Neighbors,Cell,11,7,Cell,11,2
MeasureObjectNeighbors,6,Neighbors,Cell,11,7,Cell,11,3
MeasureObjectNeighbors,6,Neighbors,Cell,11,7,Cell,11,4
MeasureObjectNeighbors,6,Neighbors,Cell,11,7,Cell,11,5
MeasureObjectNeighbors,6,Neighbors,Cell,11,7,Cell,11,6
MeasureObjectNeighbors,6,Neighbors,Cell,11,7,Cell,11,8
MeasureObjectNeighbors,6,Neighbors,Cell,11,7,Cell,11,9
MeasureObjectNeighbors,6,Neighbors,Cell,11,7,Cell,11,10
MeasureObjectNeighbors,6,Neighbors,Cell,11,7,Cell,11,12
MeasureObjectNeighbors,6,Neighbors,Cell,11,7,Cell,11,14
MeasureObjectNeighbors,6,Neighbors,Cell,11,8,Cell,11,3
MeasureObjectNeighbors,6,Neighbors,Cell,11,8,Cell,11,4
MeasureObjectNeighbors,6,Neighbors,Cell,11,8,Cell,11,5
MeasureObjectNeighbors,6,Neighbors,Cell,11,8,Cell,11,7
MeasureObjectNeighbors,6,Neighbors,Cell,11,8,Cell,11,10
MeasureObjectNeighbors,6,Neighbors,Cell,11,8,Cell,11,12
MeasureObjectNeighbors,6,Neighbors,Cell,11,9,Cell,11,4
MeasureObjectNeighbors,6,Neighbors,Cell,11,9,Cell,11,6
MeasureObjectNeighbors,6,Neighbors,Cell,11,9,Cell,11,7
MeasureObjectNeighbors,6,Neighbors,Cell,11,9,Cell,11,10
MeasureObjectNeighbors,6,Neighbors,Cell,11,9,Cell,11,11
MeasureObjectNeighbors,6,Neighbors,Cell,11,9,Cell,11,13
MeasureObjectNeighbors,6,Neighbors,Cell,11,9,Cell,11,14
MeasureObjectNeighbors,6,Neighbors,Cell,11,10,Cell,11,4
MeasureObjectNeighbors,6,Neighbors,Cell,11,10,Cell,11,6
MeasureObjectNeighbors,6,Neighbors,Cell,11,10,Cell,11,7
MeasureObjectNeighbors,6,Neighbors,Cell,11,10,Cell,11,8
MeasureObjectNeighbors,6,Neighbors,Cell,11,10,Cell,11,9
MeasureObjectNeighbors,6,Neighbors,Cell,11,10,Cell,11,11
MeasureObjectNeighbors,6,Neighbors,Cell,11,10,Cell,11,12
MeasureObjectNeighbors,6,Neighbors,Cell,11,10,Cell,11,13
MeasureObjectNeighbors,6,Neighbors,Cell,11,10,Cell,11,14
MeasureObjectNeighbors,6,Neighbors,Cell,11,11,Cell,11,1
MeasureObjectNeighbors,6,Neighbors,Cell,11,11,Cell,11,2
MeasureObjectNeighbors,6,Neighbors,Cell,11,11,Cell,11,6
MeasureObjectNeighbors,6,Neighbors,Cell,11,11,Cell,11,9
MeasureObjectNeighbors,6,Neighbors,Cell,11,11,Cell,11,10
MeasureObjectNeighbors,6,Neighbors,Cell,11,11,Cell,11,13
MeasureObjectNeighbors,6,Neighbors,Cell,11,11,Cell,11,14
MeasureObjectNeighbors,6,Neighbors,Cell,11,12,Cell,11,7
MeasureObjectNeighbors,6,Neighbors,Cell,11,12,Cell,11,8
MeasureObjectNeighbors,6,Neighbors,Cell,11,12,Cell,11,10
MeasureObjectNeighbors,6,Neighbors,Cell,11,12,Cell,11,14
MeasureObjectNeighbors,6,Neighbors,Cell,11,13,Cell,11,9
MeasureObjectNeighbors,6,Neighbors,Cell,11,13,Cell,11,10
MeasureObjectNeighbors,6,Neighbors,Cell,11,13,Cell,11,11
MeasureObjectNeighbors,6,Neighbors,Cell,11,13,Cell,11,14
MeasureObjectNeighbors,6,Neighbors,Cell,11,14,Cell,11,7
MeasureObjectNeighbors,6,Neighbors,Cell,11,14,Cell,11,9
MeasureObjectNeighbors,6,Neighbors,Cell,11,14,Cell,11,10
MeasureObjectNeighbors,6,Neighbors,Cell,11,14,Cell,11,11
MeasureObjectNeighbors,6,Neighbors,Cell,11,14,Cell,11,12
MeasureObjectNeighbors,6,Neighbors,Cell,11,14,Cell,11,13
MeasureObjectNeighbors,6,Neighbors,Cell,12,1,Cell,12,2
MeasureObjectNeighbors,6,Neighbors,Cell,12,1,Cell,12,3
MeasureObjectNeighbors,6,Neighbors,Cell,12,1,Cell,12,5
MeasureObjectNeighbors,6,Neighbors,Cell,12,1,Cell,12,6
MeasureObjectNeighbors,6,Neighbors,Cell,12,2,Cell,12,1
MeasureObjectNeighbors,6,Neighbors,Cell,12,2,Cell,12,3
MeasureObjectNeighbors,6,Neighbors,Cell,12,2,Cell,12,5
MeasureObjectNeighbors,6,Neighbors,Cell,12,3,Cell,12,1
MeasureObjectNeighbors,6,Neighbors,Cell,12,3,Cell,12,2
MeasureObjectNeighbors,6,Neighbors,Cell,12,3,Cell,12,5
MeasureObjectNeighbors,6,Neighbors,Cell,12,3,Cell,12,11
MeasureObjectNeighbors,6,Neighbors,Cell,12,4,Cell,12,6
MeasureObjectNeighbors,6,Neighbors,Cell,12,4,Cell,12,7
MeasureObjectNeighbors,6,Neighbors,Cell,12,4,Cell,12,8
MeasureObjectNeighbors,6,Neighbors,Cell,12,4,Cell,12,9
MeasureObjectNeighbors,6,Neighbors,Cell,12,4,Cell,12,10
MeasureObjectNeighbors,6,Neighbors,Cell,12,4,Cell,12,14
MeasureObjectNeighbors,6,Neighbors,Cell,12,5,Cell,12,1
MeasureObjectNeighbors,6,Neighbors,Cell,12,5,Cell,12,2
MeasureObjectNeighbors,6,Neighbors,Cell,12,5,Cell,12,3
MeasureObjectNeighbors,6,Neighbors,Cell,12,5,Cell,12,6
MeasureObjectNeighbors,6,Neighbors,Cell,12,5,Cell,12,11
MeasureObjectNeighbors,6,Neighbors,Cell,12,5,Cell,12,12
MeasureObjectNeighbors,6,Neighbors,Cell,12,5,Cell,12,13
MeasureObjectNeighbors,6,Neighbors,Cell,12,6,Cell,12,1
MeasureObjectNeighbors,6,Neighbors,Cell,12,6,Cell,12,4
MeasureObjectNeighbors,6,Neighbors,Cell,12,6,Cell,12,5
MeasureObjectNeighbors,6,Neighbors,Cell,12,6,Cell,12,7
MeasureObjectNeighbors,6,Neighbors,Cell,12,6,Cell,12,8
MeasureObjectNeighbors,6,Neighbors,Cell,12,6,Cell,12,11
MeasureObjectNeighbors,6,Neighbors,Cell,12,6,Cell,12,12
MeasureObjectNeighbors,6,Neighbors,Cell,12,6,Cell,12,13
MeasureObjectNeighbors,6,Neighbors,Cell,12,6,Cell,12,16
MeasureObjectNeighbors,6,Neighbors,Cell,12,7,Cell,12,4
MeasureObjectNeighbors,6,Neighbors,Cell,12,7,Cell,12,6
MeasureObjectNeighbors,6,Neighbors,Cell,12,7,Cell,12,8
MeasureObjectNeighbors,6,Neighbors,Cell,12,7,Cell,12,9
MeasureObjectNeighbors,6,Neighbors,Cell,12,7,Cell,12,10
MeasureObjectNeighbors,6,Neighbors,Cell,12,7,Cell,12,14
MeasureObjectNeighbors,6,Neighbors,Cell,12,7,Cell,12,15
MeasureObjectNeighbors,6,Neighbors,Cell,12,8,Cell,12,4
MeasureObjectNeighbors,6,Neighbors,Cell,12,8,Cell,12,6
MeasureObjectNeighbors,6,Neighbors,Cell,12,8,Cell,12,7
MeasureObjectNeighbors,6,Neighbors,Cell,12,8,Cell,12,9
MeasureObjectNeighbors,6,Neighbors,Cell,12,8,Cell,12,12
MeasureObjectNeighbors,6,Neighbors,Cell,12,8,Cell,12,14
MeasureObjectNeighbors,6,Neighbors,Cell,12,8,Cell,12,15
MeasureObjectNeighbors,6,Neighbors,Cell,12,8,Cell,12,16
MeasureObjectNeighbors,6,Neighbors,Cell,12,8,Cell,12,18
MeasureObjectNeighbors,6,Neighbors,Cell,12,8,Cell,12,19
MeasureObjectNeighbors,6,Neighbors,Cell,12,9,Cell,12,4
MeasureObjectNeighbors,6,Neighbors,Cell,12,9,Cell,12,7
MeasureObjectNeighbors,6,Neighbors,Cell,12,9,Cell,12,8
MeasureObjectNeighbors,6,Neighbors,Cell,12,9,Cell,12,10
MeasureObjectNeighbors,6,Neighbors,Cell,12,9,Cell,12,14
MeasureObjectNeighbors,6,Neighbors,Cell,12,9,Cell,12,15
MeasureObjectNeighbors,6,Neighbors,Cell,12,9,Cell,12,18
MeasureObjectNeighbors,6,Neighbors,Cell,12,10,Cell,12,4
MeasureObjectNeighbors,6,Neighbors,Cell,12,10,Cell,12,7
MeasureObjectNeighbors,6,Neighbors,Cell,12,10,Cell,12,9
MeasureObjectNeighbors,6,Neighbors,Cell,12,10,Cell,12,14
MeasureObjectNeighbors,6,Neighbors,Cell,12,10,Cell,12,17
MeasureObjectNeighbors,6,Neighbors,Cell,12,11,Cell,12,3
MeasureObjectNeighbors,6,Neighbors,Cell,12,11,Cell,12,5
MeasureObjectNeighbors,6,Neighbors,Cell,12,11,Cell,12,6
MeasureObjectNeighbors,6,Neighbors,Cell,12,11,Cell,12,12
MeasureObjectNeighbors,6,Neighbors,Cell,12,11,Cell,12,13
MeasureObjectNeighbors,6,Neighbors,Cell,12,11,Cell,12,16
MeasureObjectNeighbors,6,Neighbors,Cell,12,12,Cell,12,5
MeasureObjectNeighbors,6,Neighbors,Cell,12,12,Cell,12,6
MeasureObjectNeighbors,6,Neighbors,Cell,12,12,Cell,12,8
MeasureObjectNeighbors,6,Neighbors,Cell,12,12,Cell,12,11
MeasureObjectNeighbors,6,Neighbors,Cell,12,12,Cell,12,13
MeasureObjectNeighbors,6,Neighbors,Cell,12,12,Cell,12,15
MeasureObjectNeighbors,6,Neighbors,Cell,12,12,Cell,12,16
MeasureObjectNeighbors,6,Neighbors,Cell,12,12,Cell,12,18
MeasureObjectNeighbors,6,Neighbors,Cell,12,12,Cell,12,19
MeasureObjectNeighbors,6,Neighbors,Cell,12,13,Cell,12,5
MeasureObjectNeighbors,6,Neighbors,Cell,12,13,Cell,12,6
MeasureObjectNeighbors,6,Neighbors,Cell,12,13,Cell,12,11
MeasureObjectNeighbors,6,Neighbors,Cell,12,13,Cell,12,12
MeasureObjectNeighbors,6,Neighbors,Cell,12,13,Cell,12,16
MeasureObjectNeighbors,6,Neighbors,Cell,12,13,Cell,12,19
MeasureObjectNeighbors,6,Neighbors,Cell,12,14,Cell,12,4
MeasureObjectNeighbors,6,Neighbors,Cell,12,14,Cell,12,7
MeasureObjectNeighbors,6,Neighbors,Cell,12,14,Cell,12,8
MeasureObjectNeighbors,6,Neighbors,Cell,12,14,Cell,12,9
MeasureObjectNeighbors,6,Neighbors,Cell,12,14,Cell,12,10
MeasureObjectNeighbors,6,Neighbors,Cell,12,14,Cell,12,15
MeasureObjectNeighbors,6,Neighbors,Cell,12,14,Cell,12,17
MeasureObjectNeighbors,6,Neighbors,Cell,12,14,Cell,12,18
MeasureObjectNeighbors,6,Neighbors,Cell,12,14,Cell,12,21
MeasureObjectNeighbors,6,Neighbors,Cell,12,15,Cell,12,7
MeasureObjectNeighbors,6,Neighbors,Cell,12,15,Cell,12,8
MeasureObjectNeighbors,6,Neighbors,Cell,12,15,Cell,12,9
MeasureObjectNeighbors,6,Neighbors,Cell,12,15,Cell,12,12
MeasureObjectNeighbors,6,Neighbors,Cell,12,15,Cell,12,14
MeasureObjectNeighbors,6,Neighbors,Cell,12,15,Cell,12,16
MeasureObjectNeighbors,6,Neighbors,Cell,12,15,Cell,12,17
MeasureObjectNeighbors,6,Neighbors,Cell,12,15,Cell,12,18
MeasureObjectNeighbors,6,Neighbors,Cell,12,15,Cell,12,19
MeasureObjectNeighbors,6,Neighbors,Cell,12,15,Cell,12,20
MeasureObjectNeighbors,6,Neighbors,Cell,12,15,Cell,12,21
MeasureObjectNeighbors,6,Neighbors,Cell,12,15,Cell,12,22
MeasureObjectNeighbors,6,Neighbors,Cell,12,16,Cell,12,6
MeasureObjectNeighbors,6,Neighbors,Cell,12,16,Cell,12,8
MeasureObjectNeighbors,6,Neighbors,Cell,12,16,Cell,12,11
MeasureObjectNeighbors,6,Neighbors,Cell,12,16,Cell,12,12
MeasureObjectNeighbors,6,Neighbors,Cell,12,16,Cell,12,13
MeasureObjectNeighbors,6,Neighbors,Cell,12,16,Cell,12,15
MeasureObjectNeighbors,6,Neighbors,Cell,12,16,Cell,12,18
MeasureObjectNeighbors,6,Neighbors,Cell,12,16,Cell,12,19
MeasureObjectNeighbors,6,Neighbors,Cell,12,16,Cell,12,20
MeasureObjectNeighbors,6,Neighbors,Cell,12,17,Cell,12,10
MeasureObjectNeighbors,6,Neighbors,Cell,12,17,Cell,12,14
MeasureObjectNeighbors,6,Neighbors,Cell,12,17,Cell,12,15
MeasureObjectNeighbors,6,Neighbors,Cell,12,17,Cell,12,18
MeasureObjectNeighbors,6,Neighbors,Cell,12,17,Cell,12,21
MeasureObjectNeighbors,6,Neighbors,Cell,12,18,Cell,12,8
MeasureObjectNeighbors,6,Neighbors,Cell,12,18,Cell,12,9
MeasureObjectNeighbors,6,Neighbors,Cell,12,18,Cell,12,12
MeasureObjectNeighbors,6,Neighbors,Cell,12,18,Cell,12,14
MeasureObjectNeighbors,6,Neighbors,Cell,12,18,Cell,12,15
MeasureObjectNeighbors,6,Neighbors,Cell,12,18,Cell,12,16
MeasureObjectNeighbors,6,Neighbors,Cell,12,18,Cell,12,17
MeasureObjectNeighbors,6,Neighbors,Cell,12,18,Cell,12,19
MeasureObjectNeighbors,6,Neighbors,Cell,12,18,Cell,12,20
MeasureObjectNeighbors,6,Neighbors,Cell,12,18,Cell,12,21
MeasureObjectNeighbors,6,Neighbors,Cell,12,18,Cell,12,22
MeasureObjectNeighbors,6,Neighbors,Cell,12,19,Cell,12,8
MeasureObjectNeighbors,6,Neighbors,Cell,12,19,Cell,12,12
MeasureObjectNeighbors,6,Neighbors,Cell,12,19,Cell,12,13
MeasureObjectNeighbors,6,Neighbors,Cell,12,19,Cell,12,15
MeasureObjectNeighbors,6,Neighbors,Cell,12,19,Cell,12,16
MeasureObjectNeighbors,6,Neighbors,Cell,12,19,Cell,12,18
MeasureObjectNeighbors,6,Neighbors,Cell,12,19,Cell,12,20
MeasureObjectNeighbors,6,Neighbors,Cell,12,19,Cell,12,22
MeasureObjectNeighbors,6,Neighbors,Cell,12,20,Cell,12,15
MeasureObjectNeighbors,6,Neighbors,Cell,12,20,Cell,12,16
MeasureObjectNeighbors,6,Neighbors,Cell,12,20,Cell,12,18
MeasureObjectNeighbors,6,Neighbors,Cell,12,20,Cell,12,19
MeasureObjectNeighbors,6,Neighbors,Cell,12,20,Cell,12,21
MeasureObjectNeighbors,6,Neighbors,Cell,12,20,Cell,12,22
MeasureObjectNeighbors,6,Neighbors,Cell,12,21,Cell,12,14
MeasureObjectNeighbors,6,Neighbors,Cell,12,21,Cell,12,15
MeasureObjectNeighbors,6,Neighbors,Cell,12,21,Cell,12,17
MeasureObjectNeighbors,6,Neighbors,Cell,12,21,Cell,12,18
MeasureObjectNeighbors,6,Neighbors,Cell,12,21,Cell,12,20
MeasureObjectNeighbors,6,Neighbors,Cell,12,21,Cell,12,22
MeasureObjectNeighbors,6,Neighbors,Cell,12,22,Cell,12,15
MeasureObjectNeighbors,6,Neighbors,Cell,12,22,Cell,12,18
MeasureObjectNeighbors,6,Neighbors,Cell,12,22,Cell,12,19
MeasureObjectNeighbors,6,Neighbors,Cell,12,22,Cell,12,20
MeasureObjectNeighbors,6,Neighbors,Cell,12,22,Cell,12,21
MeasureObjectNeighbors,6,Neighbors,Cell,12,23,Cell,12,24
MeasureObjectNeighbors,6,Neighbors,Cell,12,24,Cell,12,23
MeasureObjectNeighbors,6,Neighbors,Cell,13,1,Cell,13,2
MeasureObjectNeighbors,6,Neighbors,Cell,13,1,Cell,13,3
MeasureObjectNeighbors,6,Neighbors,Cell,13,1,Cell,13,4
MeasureObjectNeighbors,6,Neighbors,Cell,13,1,Cell,13,6
MeasureObjectNeighbors,6,Neighbors,Cell,13,2,Cell,13,1
MeasureObjectNeighbors,6,Neighbors,Cell,13,2,Cell,13,3
MeasureObjectNeighbors,6,Neighbors,Cell,13,2,Cell,13,4
MeasureObjectNeighbors,6,Neighbors,Cell,13,2,Cell,13,7
MeasureObjectNeighbors,6,Neighbors,Cell,13,2,Cell,13,9
MeasureObjectNeighbors,6,Neighbors,Cell,13,3,Cell,13,1
MeasureObjectNeighbors,6,Neighbors,Cell,13,3,Cell,13,2
MeasureObjectNeighbors,6,Neighbors,Cell,13,3,Cell,13,4
MeasureObjectNeighbors,6,Neighbors,Cell,13,3,Cell,13,5
MeasureObjectNeighbors,6,Neighbors,Cell,13,3,Cell,13,6
MeasureObjectNeighbors,6,Neighbors,Cell,13,3,Cell,13,7
MeasureObjectNeighbors,6,Neighbors,Cell,13,4,Cell,13,1
MeasureObjectNeighbors,6,Neighbors,Cell,13,4,Cell,13,2
MeasureObjectNeighbors,6,Neighbors,Cell,13,4,Cell,13,3
MeasureObjectNeighbors,6,Neighbors,Cell,13,4,Cell,13,5
MeasureObjectNeighbors,6,Neighbors,Cell,13,4,Cell,13,6
MeasureObjectNeighbors,6,Neighbors,Cell,13,4,Cell,13,7
MeasureObjectNeighbors,6,Neighbors,Cell,13,4,Cell,13,9
MeasureObjectNeighbors,6,Neighbors,Cell,13,5,Cell,13,3
MeasureObjectNeighbors,6,Neighbors,Cell,13,5,Cell,13,4
MeasureObjectNeighbors,6,Neighbors,Cell,13,5,Cell,13,6
MeasureObjectNeighbors,6,Neighbors,Cell,13,5,Cell,13,7
MeasureObjectNeighbors,6,Neighbors,Cell,13,5,Cell,13,8
MeasureObjectNeighbors,6,Neighbors,Cell,13,5,Cell,13,10
MeasureObjectNeighbors,6,Neighbors,Cell,13,6,Cell,13,1
MeasureObjectNeighbors,6,Neighbors,Cell,13,6,Cell,13,3
MeasureObjectNeighbors,6,Neighbors,Cell,13,6,Cell,13,4
MeasureObjectNeighbors,6,Neighbors,Cell,13,6,Cell,13,5
MeasureObjectNeighbors,6,Neighbors,Cell,13,6,Cell,13,7
MeasureObjectNeighbors,6,Neighbors,Cell,13,6,Cell,13,8
MeasureObjectNeighbors,6,Neighbors,Cell,13,6,Cell,13,9
MeasureObjectNeighbors,6,Neighbors,Cell,13,6,Cell,13,10
MeasureObjectNeighbors,6,Neighbors,Cell,13,6,Cell,13,12
MeasureObjectNeighbors,6,Neighbors,Cell,13,7,Cell,13,2
MeasureObjectNeighbors,6,Neighbors,Cell,13,7,Cell,13,3
MeasureObjectNeighbors,6,Neighbors,Cell,13,7,Cell,13,4
MeasureObjectNeighbors,6,Neighbors,Cell,13,7,Cell,13,5
MeasureObjectNeighbors,6,Neighbors,Cell,13,7,Cell,13,6
MeasureObjectNeighbors,6,Neighbors,Cell,13,7,Cell,13,8
MeasureObjectNeighbors,6,Neighbors,Cell,13,7,Cell,13,9
MeasureObjectNeighbors,6,Neighbors,Cell,13,7,Cell,13,10
MeasureObjectNeighbors,6,Neighbors,Cell,13,7,Cell,13,11
MeasureObjectNeighbors,6,Neighbors,Cell,13,7,Cell,13,12
MeasureObjectNeighbors,6,Neighbors,Cell,13,8,Cell,13,5
MeasureObjectNeighbors,6,Neighbors,Cell,13,8,Cell,13,6
MeasureObjectNeighbors,6,Neighbors,Cell,13,8,Cell,13,7
MeasureObjectNeighbors,6,Neighbors,Cell,13,8,Cell,13,9
MeasureObjectNeighbors,6,Neighbors,Cell,13,8,Cell,13,10
MeasureObjectNeighbors,6,Neighbors,Cell,13,8,Cell,13,12
MeasureObjectNeighbors,6,Neighbors,Cell,13,9,Cell,13,2
MeasureObjectNeighbors,6,Neighbors,Cell,13,9,Cell,13,4
MeasureObjectNeighbors,6,Neighbors,Cell,13,9,Cell,13,6
MeasureObjectNeighbors,6,Neighbors,Cell,13,9,Cell,13,7
MeasureObjectNeighbors,6,Neighbors,Cell,13,9,Cell,13,8
MeasureObjectNeighbors,6,Neighbors,Cell,13,9,Cell,13,10
MeasureObjectNeighbors,6,Neighbors,Cell,13,9,Cell,13,11
MeasureObjectNeighbors,6,Neighbors,Cell,13,9,Cell,13,12
MeasureObjectNeighbors,6,Neighbors,Cell,13,10,Cell,13,5
MeasureObjectNeighbors,6,Neighbors,Cell,13,10,Cell,13,6
MeasureObjectNeighbors,6,Neighbors,Cell,13,10,Cell,13,7
MeasureObjectNeighbors,6,Neighbors,Cell,13,10,Cell,13,8
MeasureObjectNeighbors,6,Neighbors,Cell,13,10,Cell,13,9
MeasureObjectNeighbors,6,Neighbors,Cell,13,10,Cell,13,11
MeasureObjectNeighbors,6,Neighbors,Cell,13,10,Cell,13,12
MeasureObjectNeighbors,6,Neighbors,Cell,13,11,Cell,13,7
MeasureObjectNeighbors,6,Neighbors,Cell,13,11,Cell,13,9
MeasureObjectNeighbors,6,Neighbors,Cell,13,11,Cell,13,10
MeasureObjectNeighbors,6,Neighbors,Cell,13,11,Cell,13,12
MeasureObjectNeighbors,6,Neighbors,Cell,13,12,Cell,13,6
MeasureObjectNeighbors,6,Neighbors,Cell,13,12,Cell,13,7
MeasureObjectNeighbors,6,Neighbors,Cell,13,12,Cell,13,8
MeasureObjectNeighbors,6,Neighbors,Cell,13,12,Cell,13,9
MeasureObjectNeighbors,6,Neighbors,Cell,13,12,Cell,13,10
MeasureObjectNeighbors,6,Neighbors,Cell,13,12,Cell,13,11
MeasureObjectNeighbors,6,Neighbors,Cell,14,1,Cell,14,2
MeasureObjectNeighbors,6,Neighbors,Cell,14,1,Cell,14,3
MeasureObjectNeighbors,6,Neighbors,Cell,14,1,Cell,14,4
MeasureObjectNeighbors,6,Neighbors,Cell,14,1,Cell,14,5
MeasureObjectNeighbors,6,Neighbors,Cell,14,1,Cell,14,7
MeasureObjectNeighbors,6,Neighbors,Cell,14,2,Cell,14,1
MeasureObjectNeighbors,6,Neighbors,Cell,14,2,Cell,14,3
MeasureObjectNeighbors,6,Neighbors,Cell,14,2,Cell,14,5
MeasureObjectNeighbors,6,Neighbors,Cell,14,2,Cell,14,6
MeasureObjectNeighbors,6,Neighbors,Cell,14,2,Cell,14,7
MeasureObjectNeighbors,6,Neighbors,Cell,14,2,Cell,14,8
MeasureObjectNeighbors,6,Neighbors,Cell,14,3,Cell,14,1
MeasureObjectNeighbors,6,Neighbors,Cell,14,3,Cell,14,2
MeasureObjectNeighbors,6,Neighbors,Cell,14,3,Cell,14,6
MeasureObjectNeighbors,6,Neighbors,Cell,14,3,Cell,14,7
MeasureObjectNeighbors,6,Neighbors,Cell,14,3,Cell,14,8
MeasureObjectNeighbors,6,Neighbors,Cell,14,3,Cell,14,9
MeasureObjectNeighbors,6,Neighbors,Cell,14,3,Cell,14,10
MeasureObjectNeighbors,6,Neighbors,Cell,14,3,Cell,14,13
MeasureObjectNeighbors,6,Neighbors,Cell,14,4,Cell,14,1
MeasureObjectNeighbors,6,Neighbors,Cell,14,4,Cell,14,5
MeasureObjectNeighbors,6,Neighbors,Cell,14,4,Cell,14,11
MeasureObjectNeighbors,6,Neighbors,Cell,14,4,Cell,14,12
MeasureObjectNeighbors,6,Neighbors,Cell,14,4,Cell,14,15
MeasureObjectNeighbors,6,Neighbors,Cell,14,5,Cell,14,1
MeasureObjectNeighbors,6,Neighbors,Cell,14,5,Cell,14,2
MeasureObjectNeighbors,6,Neighbors,Cell,14,5,Cell,14,4
MeasureObjectNeighbors,6,Neighbors,Cell,14,5,Cell,14,7
MeasureObjectNeighbors,6,Neighbors,Cell,14,5,Cell,14,8
MeasureObjectNeighbors,6,Neighbors,Cell,14,5,Cell,14,11
MeasureObjectNeighbors,6,Neighbors,Cell,14,5,Cell,14,12
MeasureObjectNeighbors,6,Neighbors,Cell,14,5,Cell,14,13
MeasureObjectNeighbors,6,Neighbors,Cell,14,6,Cell,14,2
MeasureObjectNeighbors,6,Neighbors,Cell,14,6,Cell,14,3
MeasureObjectNeighbors,6,Neighbors,Cell,14,6,Cell,14,7
MeasureObjectNeighbors,6,Neighbors,Cell,14,6,Cell,14,8
MeasureObjectNeighbors,6,Neighbors,Cell,14,6,Cell,14,9
MeasureObjectNeighbors,6,Neighbors,Cell,14,6,Cell,14,10
MeasureObjectNeighbors,6,Neighbors,Cell,14,6,Cell,14,13
MeasureObjectNeighbors,6,Neighbors,Cell,14,6,Cell,14,14
MeasureObjectNeighbors,6,Neighbors,Cell,14,6,Cell,14,16
MeasureObjectNeighbors,6,Neighbors,Cell,14,7,Cell,14,1
MeasureObjectNeighbors,6,Neighbors,Cell,14,7,Cell,14,2
MeasureObjectNeighbors,6,Neighbors,Cell,14,7,Cell,14,3
MeasureObjectNeighbors,6,Neighbors,Cell,14,7,Cell,14,5
MeasureObjectNeighbors,6,Neighbors,Cell,14,7,Cell,14,6
MeasureObjectNeighbors,6,Neighbors,Cell,14,7,Cell,14,8
MeasureObjectNeighbors,6,Neighbors,Cell,14,7,Cell,14,9
MeasureObjectNeighbors,6,Neighbors,Cell,14,7,Cell,14,11
MeasureObjectNeighbors,6,Neighbors,Cell,14,7,Cell,14,12
MeasureObjectNeighbors,6,Neighbors,Cell,14,7,Cell,14,13
MeasureObjectNeighbors,6,Neighbors,Cell,14,7,Cell,14,16
MeasureObjectNeighbors,6,Neighbors,Cell,14,7,Cell,14,17
MeasureObjectNeighbors,6,Neighbors,Cell,14,8,Cell,14,2
MeasureObjectNeighbors,6,Neighbors,Cell,14,8,Cell,14,3
MeasureObjectNeighbors,6,Neighbors,Cell,14,8,Cell,14,5
MeasureObjectNeighbors,6,Neighbors,Cell,14,8,Cell,14,6
MeasureObjectNeighbors,6,Neighbors,Cell,14,8,Cell,14,7
MeasureObjectNeighbors,6,Neighbors,Cell,14,8,Cell,14,9
MeasureObjectNeighbors,6,Neighbors,Cell,14,8,Cell,14,12
MeasureObjectNeighbors,6,Neighbors,Cell,14,8,Cell,14,13
MeasureObjectNeighbors,6,Neighbors,Cell,14,8,Cell,14,14
MeasureObjectNeighbors,6,Neighbors,Cell,14,8,Cell,14,16
MeasureObjectNeighbors,6,Neighbors,Cell,14,8,Cell,14,17
MeasureObjectNeighbors,6,Neighbors,Cell,14,8,Cell,14,18
MeasureObjectNeighbors,6,Neighbors,Cell,14,9,Cell,14,3
MeasureObjectNeighbors,6,Neighbors,Cell,14,9,Cell,14,6
MeasureObjectNeighbors,6,Neighbors,Cell,14,9,Cell,14,7
MeasureObjectNeighbors,6,Neighbors,Cell,14,9,Cell,14,8
MeasureObjectNeighbors,6,Neighbors,Cell,14,9,Cell,14,10
MeasureObjectNeighbors,6,Neighbors,Cell,14,9,Cell,14,13
MeasureObjectNeighbors,6,Neighbors,Cell,14,9,Cell,14,14
MeasureObjectNeighbors,6,Neighbors,Cell,14,9,Cell,14,16
MeasureObjectNeighbors,6,Neighbors,Cell,14,10,Cell,14,3
MeasureObjectNeighbors,6,Neighbors,Cell,14,10,Cell,14,6
MeasureObjectNeighbors,6,Neighbors,Cell,14,10,Cell,14,9
MeasureObjectNeighbors,6,Neighbors,Cell,14,10,Cell,14,13
MeasureObjectNeighbors,6,Neighbors,Cell,14,10,Cell,14,14
MeasureObjectNeighbors,6,Neighbors,Cell,14,10,Cell,14,16
MeasureObjectNeighbors,6,Neighbors,Cell,14,11,Cell,14,4
MeasureObjectNeighbors,6,Neighbors,Cell,14,11,Cell,14,5
MeasureObjectNeighbors,6,Neighbors,Cell,14,11,Cell,14,7
MeasureObjectNeighbors,6,Neighbors,Cell,14,11,Cell,14,12
MeasureObjectNeighbors,6,Neighbors,Cell,14,11,Cell,14,15
MeasureObjectNeighbors,6,Neighbors,Cell,14,11,Cell,14,17
MeasureObjectNeighbors,6,Neighbors,Cell,14,11,Cell,14,20
MeasureObjectNeighbors,6,Neighbors,Cell,14,12,Cell,14,4
MeasureObjectNeighbors,6,Neighbors,Cell,14,12,Cell,14,5
MeasureObjectNeighbors,6,Neighbors,Cell,14,12,Cell,14,7
MeasureObjectNeighbors,6,Neighbors,Cell,14,12,Cell,14,8
MeasureObjectNeighbors,6,Neighbors,Cell,14,12,Cell,14,11
MeasureObjectNeighbors,6,Neighbors,Cell,14,12,Cell,14,13
MeasureObjectNeighbors,6,Neighbors,Cell,14,12,Cell,14,15
MeasureObjectNeighbors,6,Neighbors,Cell,14,12,Cell,14,16
MeasureObjectNeighbors,6,Neighbors,Cell,14,12,Cell,14,17
MeasureObjectNeighbors,6,Neighbors,Cell,14,12,Cell,14,18
MeasureObjectNeighbors,6,Neighbors,Cell,14,12,Cell,14,20
MeasureObjectNeighbors,6,Neighbors,Cell,14,13,Cell,14,3
MeasureObjectNeighbors,6,Neighbors,Cell,14,13,Cell,14,5
MeasureObjectNeighbors,6,Neighbors,Cell,14,13,Cell,14,6
MeasureObjectNeighbors,6,Neighbors,Cell,14,13,Cell,14,7
MeasureObjectNeighbors,6,Neighbors,Cell,14,13,Cell,14,8
MeasureObjectNeighbors,6,Neighbors,Cell,14,13,Cell,14,9
MeasureObjectNeighbors,6,Neighbors,Cell,14,13,Cell,14,10
MeasureObjectNeighbors,6,Neighbors,Cell,14,13,Cell,14,12
MeasureObjectNeighbors,6,Neighbors,Cell,14,13,Cell,14,14
MeasureObjectNeighbors,6,Neighbors,Cell,14,13,Cell,14,16
MeasureObjectNeighbors,6,Neighbors,Cell,14,13,Cell,14,17
MeasureObjectNeighbors,6,Neighbors,Cell,14,13,Cell,14,18
MeasureObjectNeighbors,6,Neighbors,Cell,14,14,Cell,14,6
MeasureObjectNeighbors,6,Neighbors,Cell,14,14,Cell,14,8
MeasureObjectNeighbors,6,Neighbors,Cell,14,14,Cell,14,9
MeasureObjectNeighbors,6,Neighbors,Cell,14,14,Cell,14,10
MeasureObjectNeighbors,6,Neighbors,Cell,14,14,Cell,14,13
MeasureObjectNeighbors,6,Neighbors,Cell,14,14,Cell,14,16
MeasureObjectNeighbors,6,Neighbors,Cell,14,15,Cell,14,4
MeasureObjectNeighbors,6,Neighbors,Cell,14,15,Cell,14,11
MeasureObjectNeighbors,6,Neighbors,Cell,14,15,Cell,14,12
MeasureObjectNeighbors,6,Neighbors,Cell,14,15,Cell,14,17
MeasureObjectNeighbors,6,Neighbors,Cell,14,15,Cell,14,19
MeasureObjectNeighbors,6,Neighbors,Cell,14,15,Cell,14,20
MeasureObjectNeighbors,6,Neighbors,Cell,14,15,Cell,14,21
MeasureObjectNeighbors,6,Neighbors,Cell,14,15,Cell,14,23
MeasureObjectNeighbors,6,Neighbors,Cell,14,16,Cell,14,6
MeasureObjectNeighbors,6,Neighbors,Cell,14,16,Cell,14,7
MeasureObjectNeighbors,6,Neighbors,Cell,14,16,Cell,14,8
MeasureObjectNeighbors,6,Neighbors,Cell,14,16,Cell,14,9
MeasureObjectNeighbors,6,Neighbors,Cell,14,16,Cell,14,10
MeasureObjectNeighbors,6,Neighbors,Cell,14,16,Cell,14,12
MeasureObjectNeighbors,6,Neighbors,Cell,14,16,Cell,14,13
MeasureObjectNeighbors,6,Neighbors,Cell,14,16,Cell,14,14
MeasureObjectNeighbors,6,Neighbors,Cell,14,16,Cell,14,17
MeasureObjectNeighbors,6,Neighbors,Cell,14,16,Cell,14,18
MeasureObjectNeighbors,6,Neighbors,Cell,14,16,Cell,14,19
MeasureObjectNeighbors,6,Neighbors,Cell,14,16,Cell,14,25
MeasureObjectNeighbors,6,Neighbors,Cell,14,16,Cell,14,27
MeasureObjectNeighbors,6,Neighbors,Cell,14,17,Cell,14,7
MeasureObjectNeighbors,6,Neighbors,Cell,14,17,Cell,14,8
MeasureObjectNeighbors,6,Neighbors,Cell,14,17,Cell,14,11
MeasureObjectNeighbors,6,Neighbors,Cell,14,17,Cell,14,12
MeasureObjectNeighbors,6,Neighbors,Cell,14,17,Cell,14,13
MeasureObjectNeighbors,6,Neighbors,Cell,14,17,Cell,14,15
MeasureObjectNeighbors,6,Neighbors,Cell,14,17,Cell,14,16
MeasureObjectNeighbors,6,Neighbors,Cell,14,17,Cell,14,18
MeasureObjectNeighbors,6,Neighbors,Cell,14,17,Cell,14,19
MeasureObjectNeighbors,6,Neighbors,Cell,14,17,Cell,14,20
MeasureObjectNeighbors,6,Neighbors,Cell,14,17,Cell,14,21
MeasureObjectNeighbors,6,Neighbors,Cell,14,18,Cell,14,8
MeasureObjectNeighbors,6,Neighbors,Cell,14,18,Cell,14,12
MeasureObjectNeighbors,6,Neighbors,Cell,14,18,Cell,14,13
MeasureObjectNeighbors,6,Neighbors,Cell,14,18,Cell,14,16
MeasureObjectNeighbors,6,Neighbors,Cell,14,18,Cell,14,17
MeasureObjectNeighbors,6,Neighbors,Cell,14,18,Cell,14,19
MeasureObjectNeighbors,6,Neighbors,Cell,14,18,Cell,14,20
MeasureObjectNeighbors,6,Neighbors,Cell,14,18,Cell,14,21
MeasureObjectNeighbors,6,Neighbors,Cell,14,18,Cell,14,25
MeasureObjectNeighbors,6,Neighbors,Cell,14,18,Cell,14,27
MeasureObjectNeighbors,6,Neighbors,Cell,14,19,Cell,14,15
MeasureObjectNeighbors,6,Neighbors,Cell,14,19,Cell,14,16
MeasureObjectNeighbors,6,Neighbors,Cell,14,19,Cell,14,17
MeasureObjectNeighbors,6,Neighbors,Cell,14,19,Cell,14,18
MeasureObjectNeighbors,6,Neighbors,Cell,14,19,Cell,14,20
MeasureObjectNeighbors,6,Neighbors,Cell,14,19,Cell,14,21
MeasureObjectNeighbors,6,Neighbors,Cell,14,19,Cell,14,25
MeasureObjectNeighbors,6,Neighbors,Cell,14,19,Cell,14,27
MeasureObjectNeighbors,6,Neighbors,Cell,14,20,Cell,14,11
MeasureObjectNeighbors,6,Neighbors,Cell,14,20,Cell,14,12
MeasureObjectNeighbors,6,Neighbors,Cell,14,20,Cell,14,15
MeasureObjectNeighbors,6,Neighbors,Cell,14,20,Cell,14,17
MeasureObjectNeighbors,6,Neighbors,Cell,14,20,Cell,14,18
MeasureObjectNeighbors,6,Neighbors,Cell,14,20,Cell,14,19
MeasureObjectNeighbors,6,Neighbors,Cell,14,20,Cell,14,21
MeasureObjectNeighbors,6,Neighbors,Cell,14,20,Cell,14,22
MeasureObjectNeighbors,6,Neighbors,Cell,14,20,Cell,14,23
MeasureObjectNeighbors,6,Neighbors,Cell,14,20,Cell,14,25
MeasureObjectNeighbors,6,Neighbors,Cell,14,20,Cell,14,28
MeasureObjectNeighbors,6,Neighbors,Cell,14,20,Cell,14,29
MeasureObjectNeighbors,6,Neighbors,Cell,14,21,Cell,14,15
MeasureObjectNeighbors,6,Neighbors,Cell,14,21,Cell,14,17
MeasureObjectNeighbors,6,Neighbors,Cell,14,21,Cell,14,18
MeasureObjectNeighbors,6,Neighbors,Cell,14,21,Cell,14,19
MeasureObjectNeighbors,6,Neighbors,Cell,14,21,Cell,14,20
MeasureObjectNeighbors,6,Neighbors,Cell,14,21,Cell,14,23
MeasureObjectNeighbors,6,Neighbors,Cell,14,21,Cell,14,25
MeasureObjectNeighbors,6,Neighbors,Cell,14,21,Cell,14,28
MeasureObjectNeighbors,6,Neighbors,Cell,14,22,Cell,14,20
MeasureObjectNeighbors,6,Neighbors,Cell,14,22,Cell,14,23
MeasureObjectNeighbors,6,Neighbors,Cell,14,22,Cell,14,24
MeasureObjectNeighbors,6,Neighbors,Cell,14,22,Cell,14,26
MeasureObjectNeighbors,6,Neighbors,Cell,14,22,Cell,14,30
MeasureObjectNeighbors,6,Neighbors,Cell,14,23,Cell,14,15
MeasureObjectNeighbors,6,Neighbors,Cell,14,23,Cell,14,20
MeasureObjectNeighbors,6,Neighbors,Cell,14,23,Cell,14,21
MeasureObjectNeighbors,6,Neighbors,Cell,14,23,Cell,14,22
MeasureObjectNeighbors,6,Neighbors,Cell,14,23,Cell,14,26
MeasureObjectNeighbors,6,Neighbors,Cell,14,23,Cell,14,28
MeasureObjectNeighbors,6,Neighbors,Cell,14,23,Cell,14,29
MeasureObjectNeighbors,6,Neighbors,Cell,14,24,Cell,14,22
MeasureObjectNeighbors,6,Neighbors,Cell,14,24,Cell,14,26
MeasureObjectNeighbors,6,Neighbors,Cell,14,24,Cell,14,30
MeasureObjectNeighbors,6,Neighbors,Cell,14,25,Cell,14,16
MeasureObjectNeighbors,6,Neighbors,Cell,14,25,Cell,14,18
MeasureObjectNeighbors,6,Neighbors,Cell,14,25,Cell,14,19
MeasureObjectNeighbors,6,Neighbors,Cell,14,25,Cell,14,20
MeasureObjectNeighbors,6,Neighbors,Cell,14,25,Cell,14,21
MeasureObjectNeighbors,6,Neighbors,Cell,14,25,Cell,14,27
MeasureObjectNeighbors,6,Neighbors,Cell,14,25,Cell,14,28
MeasureObjectNeighbors,6,Neighbors,Cell,14,26,Cell,14,22
MeasureObjectNeighbors,6,Neighbors,Cell,14,26,Cell,14,23
MeasureObjectNeighbors,6,Neighbors,Cell,14,26,Cell,14,24
MeasureObjectNeighbors,6,Neighbors,Cell,14,26,Cell,14,28
MeasureObjectNeighbors,6,Neighbors,Cell,14,26,Cell,14,29
MeasureObjectNeighbors,6,Neighbors,Cell,14,26,Cell,14,30
MeasureObjectNeighbors,6,Neighbors,Cell,14,27,Cell,14,16
MeasureObjectNeighbors,6,Neighbors,Cell,14,27,Cell,14,18
MeasureObjectNeighbors,6,Neighbors,Cell,14,27,Cell,14,19
MeasureObjectNeighbors,6,Neighbors,Cell,14,27,Cell,14,25
MeasureObjectNeighbors,6,Neighbors,Cell,14,27,Cell,14,28
MeasureObjectNeighbors,6,Neighbors,Cell,14,28,Cell,14,20
MeasureObjectNeighbors,6,Neighbors,Cell,14,28,Cell,14,21
MeasureObjectNeighbors,6,Neighbors,Cell,14,28,Cell,14,23
MeasureObjectNeighbors,6,Neighbors,Cell,14,28,Cell,14,25
MeasureObjectNeighbors,6,Neighbors,Cell,14,28,Cell,14,26
MeasureObjectNeighbors,6,Neighbors,Cell,14,28,Cell,14,27
MeasureObjectNeighbors,6,Neighbors,Cell,14,28,Cell,14,29
MeasureObjectNeighbors,6,Neighbors,Cell,14,29,Cell,14,20
MeasureObjectNeighbors,6,Neighbors,Cell,14,29,Cell,14,23
MeasureObjectNeighbors,6,Neighbors,Cell,14,29,Cell,14,26
MeasureObjectNeighbors,6,Neighbors,Cell,14,29,Cell,14,28
MeasureObjectNeighbors,6,Neighbors,Cell,14,29,Cell,14,30
MeasureObjectNeighbors,6,Neighbors,Cell,14,30,Cell,14,22
MeasureObjectNeighbors,6,Neighbors,Cell,14,30,Cell,14,24
MeasureObjectNeighbors,6,Neighbors,Cell,14,30,Cell,14,26
MeasureObjectNeighbors,6,Neighbors,Cell,14,30,Cell,14,29
MeasureObjectNeighbors,6,Neighbors,Cell,15,1,Cell,15,2
MeasureObjectNeighbors,6,Neighbors,Cell,15,1,Cell,15,4
MeasureObjectNeighbors,6,Neighbors,Cell,15,1,Cell,15,5
MeasureObjectNeighbors,6,Neighbors,Cell,15,2,Cell,15,1
MeasureObjectNeighbors,6,Neighbors,Cell,15,2,Cell,15,3
MeasureObjectNeighbors,6,Neighbors,Cell,15,2,Cell,15,4
MeasureObjectNeighbors,6,Neighbors,Cell,15,2,Cell,15,6
MeasureObjectNeighbors,6,Neighbors,Cell,15,2,Cell,15,10
MeasureObjectNeighbors,6,Neighbors,Cell,15,3,Cell,15,2
MeasureObjectNeighbors,6,Neighbors,Cell,15,3,Cell,15,6
MeasureObjectNeighbors,6,Neighbors,Cell,15,3,Cell,15,7
MeasureObjectNeighbors,6,Neighbors,Cell,15,4,Cell,15,1
MeasureObjectNeighbors,6,Neighbors,Cell,15,4,Cell,15,2
MeasureObjectNeighbors,6,Neighbors,Cell,15,4,Cell,15,5
MeasureObjectNeighbors,6,Neighbors,Cell,15,4,Cell,15,6
MeasureObjectNeighbors,6,Neighbors,Cell,15,4,Cell,15,8
MeasureObjectNeighbors,6,Neighbors,Cell,15,4,Cell,15,10
MeasureObjectNeighbors,6,Neighbors,Cell,15,4,Cell,15,11
MeasureObjectNeighbors,6,Neighbors,Cell,15,4,Cell,15,12
MeasureObjectNeighbors,6,Neighbors,Cell,15,5,Cell,15,1
MeasureObjectNeighbors,6,Neighbors,Cell,15,5,Cell,15,4
MeasureObjectNeighbors,6,Neighbors,Cell,15,5,Cell,15,8
MeasureObjectNeighbors,6,Neighbors,Cell,15,5,Cell,15,11
MeasureObjectNeighbors,6,Neighbors,Cell,15,5,Cell,15,12
MeasureObjectNeighbors,6,Neighbors,Cell,15,6,Cell,15,2
MeasureObjectNeighbors,6,Neighbors,Cell,15,6,Cell,15,3
MeasureObjectNeighbors,6,Neighbors,Cell,15,6,Cell,15,4
MeasureObjectNeighbors,6,Neighbors,Cell,15,6,Cell,15,7
MeasureObjectNeighbors,6,Neighbors,Cell,15,6,Cell,15,9
MeasureObjectNeighbors,6,Neighbors,Cell,15,6,Cell,15,10
MeasureObjectNeighbors,6,Neighbors,Cell,15,6,Cell,15,12
MeasureObjectNeighbors,6,Neighbors,Cell,15,7,Cell,15,3
MeasureObjectNeighbors,6,Neighbors,Cell,15,7,Cell,15,6
MeasureObjectNeighbors,6,Neighbors,Cell,15,7,Cell,15,9
MeasureObjectNeighbors,6,Neighbors,Cell,15,7,Cell,15,10
MeasureObjectNeighbors,6,Neighbors,Cell,15,7,Cell,15,13
MeasureObjectNeighbors,6,Neighbors,Cell,15,7,Cell,15,17
MeasureObjectNeighbors,6,Neighbors,Cell,15,7,Cell,15,18
MeasureObjectNeighbors,6,Neighbors,Cell,15,8,Cell,15,4
MeasureObjectNeighbors,6,Neighbors,Cell,15,8,Cell,15,5
MeasureObjectNeighbors,6,Neighbors,Cell,15,8,Cell,15,11
MeasureObjectNeighbors,6,Neighbors,Cell,15,8,Cell,15,12
MeasureObjectNeighbors,6,Neighbors,Cell,15,9,Cell,15,6
MeasureObjectNeighbors,6,Neighbors,Cell,15,9,Cell,15,7
MeasureObjectNeighbors,6,Neighbors,Cell,15,9,Cell,15,10
MeasureObjectNeighbors,6,Neighbors,Cell,15,9,Cell,15,13
MeasureObjectNeighbors,6,Neighbors,Cell,15,9,Cell,15,14
MeasureObjectNeighbors,6,Neighbors,Cell,15,9,Cell,15,17
MeasureObjectNeighbors,6,Neighbors,Cell,15,9,Cell,15,18
MeasureObjectNeighbors,6,Neighbors,Cell,15,10,Cell,15,2
MeasureObjectNeighbors,6,Neighbors,Cell,15,10,Cell,15,4
MeasureObjectNeighbors,6,Neighbors,Cell,15,10,Cell,15,6
MeasureObjectNeighbors,6,Neighbors,Cell,15,10,Cell,15,7
MeasureObjectNeighbors,6,Neighbors,Cell,15,10,Cell,15,9
MeasureObjectNeighbors,6,Neighbors,Cell,15,10,Cell,15,12
MeasureObjectNeighbors,6,Neighbors,Cell,15,10,Cell,15,13
MeasureObjectNeighbors,6,Neighbors,Cell,15,10,Cell,15,14
MeasureObjectNeighbors,6,Neighbors,Cell,15,10,Cell,15,15
MeasureObjectNeighbors,6,Neighbors,Cell,15,10,Cell,15,17
MeasureObjectNeighbors,6,Neighbors,Cell,15,10,Cell,15,18
MeasureObjectNeighbors,6,Neighbors,Cell,15,10,Cell,15,22
MeasureObjectNeighbors,6,Neighbors,Cell,15,11,Cell,15,4
MeasureObjectNeighbors,6,Neighbors,Cell,15,11,Cell,15,5
MeasureObjectNeighbors,6,Neighbors,Cell,15,11,Cell,15,8
MeasureObjectNeighbors,6,Neighbors,Cell,15,11,Cell,15,12
MeasureObjectNeighbors,6,Neighbors,Cell,15,11,Cell,15,15
MeasureObjectNeighbors,6,Neighbors,Cell,15,11,Cell,15,16
MeasureObjectNeighbors,6,Neighbors,Cell,15,12,Cell,15,4
MeasureObjectNeighbors,6,Neighbors,Cell,15,12,Cell,15,5
MeasureObjectNeighbors,6,Neighbors,Cell,15,12,Cell,15,6
MeasureObjectNeighbors,6,Neighbors,Cell,15,12,Cell,15,8
MeasureObjectNeighbors,6,Neighbors,Cell,15,12,Cell,15,10
MeasureObjectNeighbors,6,Neighbors,Cell,15,12,Cell,15,11
MeasureObjectNeighbors,6,Neighbors,Cell,15,12,Cell,15,14
MeasureObjectNeighbors,6,Neighbors,Cell,15,12,Cell,15,15
MeasureObjectNeighbors,6,Neighbors,Cell,15,12,Cell,15,16
MeasureObjectNeighbors,6,Neighbors,Cell,15,12,Cell,15,20
MeasureObjectNeighbors,6,Neighbors,Cell,15,13,Cell,15,7
MeasureObjectNeighbors,6,Neighbors,Cell,15,13,Cell,15,9
MeasureObjectNeighbors,6,Neighbors,Cell,15,13,Cell,15,10
MeasureObjectNeighbors,6,Neighbors,Cell,15,13,Cell,15,17
MeasureObjectNeighbors,6,Neighbors,Cell,15,13,Cell,15,18
MeasureObjectNeighbors,6,Neighbors,Cell,15,13,Cell,15,19
MeasureObjectNeighbors,6,Neighbors,Cell,15,13,Cell,15,21
MeasureObjectNeighbors,6,Neighbors,Cell,15,13,Cell,15,23
MeasureObjectNeighbors,6,Neighbors,Cell,15,14,Cell,15,9
MeasureObjectNeighbors,6,Neighbors,Cell,15,14,Cell,15,10
MeasureObjectNeighbors,6,Neighbors,Cell,15,14,Cell,15,12
MeasureObjectNeighbors,6,Neighbors,Cell,15,14,Cell,15,15
MeasureObjectNeighbors,6,Neighbors,Cell,15,14,Cell,15,17
MeasureObjectNeighbors,6,Neighbors,Cell,15,14,Cell,15,20
MeasureObjectNeighbors,6,Neighbors,Cell,15,14,Cell,15,22
MeasureObjectNeighbors,6,Neighbors,Cell,15,15,Cell,15,10
MeasureObjectNeighbors,6,Neighbors,Cell,15,15,Cell,15,11
MeasureObjectNeighbors,6,Neighbors,Cell,15,15,Cell,15,12
MeasureObjectNeighbors,6,Neighbors,Cell,15,15,Cell,15,14
MeasureObjectNeighbors,6,Neighbors,Cell,15,15,Cell,15,16
MeasureObjectNeighbors,6,Neighbors,Cell,15,15,Cell,15,17
MeasureObjectNeighbors,6,Neighbors,Cell,15,15,Cell,15,20
MeasureObjectNeighbors,6,Neighbors,Cell,15,15,Cell,15,22
MeasureObjectNeighbors,6,Neighbors,Cell,15,16,Cell,15,11
MeasureObjectNeighbors,6,Neighbors,Cell,15,16,Cell,15,12
MeasureObjectNeighbors,6,Neighbors,Cell,15,16,Cell,15,15
MeasureObjectNeighbors,6,Neighbors,Cell,15,16,Cell,15,20
MeasureObjectNeighbors,6,Neighbors,Cell,15,17,Cell,15,7
MeasureObjectNeighbors,6,Neighbors,Cell,15,17,Cell,15,9
MeasureObjectNeighbors,6,Neighbors,Cell,15,17,Cell,15,10
MeasureObjectNeighbors,6,Neighbors,Cell,15,17,Cell,15,13
MeasureObjectNeighbors,6,Neighbors,Cell,15,17,Cell,15,14
MeasureObjectNeighbors,6,Neighbors,Cell,15,17,Cell,15,15
MeasureObjectNeighbors,6,Neighbors,Cell,15,17,Cell,15,18
MeasureObjectNeighbors,6,Neighbors,Cell,15,17,Cell,15,19
MeasureObjectNeighbors,6,Neighbors,Cell,15,17,Cell,15,22
MeasureObjectNeighbors,6,Neighbors,Cell,15,17,Cell,15,24
MeasureObjectNeighbors,6,Neighbors,Cell,15,17,Cell,15,25
MeasureObjectNeighbors,6,Neighbors,Cell,15,18,Cell,15,7
MeasureObjectNeighbors,6,Neighbors,Cell,15,18,Cell,15,9
MeasureObjectNeighbors,6,Neighbors,Cell,15,18,Cell,15,10
MeasureObjectNeighbors,6,Neighbors,Cell,15,18,Cell,15,13
MeasureObjectNeighbors,6,Neighbors,Cell,15,18,Cell,15,17
MeasureObjectNeighbors,6,Neighbors,Cell,15,18,Cell,15,19
MeasureObjectNeighbors,6,Neighbors,Cell,15,18,Cell,15,22
MeasureObjectNeighbors,6,Neighbors,Cell,15,18,Cell,15,23
MeasureObjectNeighbors,6,Neighbors,Cell,15,18,Cell,15,24
MeasureObjectNeighbors,6,Neighbors,Cell,15,18,Cell,15,25
MeasureObjectNeighbors,6,Neighbors,Cell,15,18,Cell,15,26
MeasureObjectNeighbors,6,Neighbors,Cell,15,18,Cell,15,28
MeasureObjectNeighbors,6,Neighbors,Cell,15,19,Cell,15,13
MeasureObjectNeighbors,6,Neighbors,Cell,15,19,Cell,15,17
MeasureObjectNeighbors,6,Neighbors,Cell,15,19,Cell,15,18
MeasureObjectNeighbors,6,Neighbors,Cell,15,19,Cell,15,21
MeasureObjectNeighbors,6,Neighbors,Cell,15,19,Cell,15,22
MeasureObjectNeighbors,6,Neighbors,Cell,15,19,Cell,15,23
MeasureObjectNeighbors,6,Neighbors,Cell,15,19,Cell,15,24
MeasureObjectNeighbors,6,Neighbors,Cell,15,19,Cell,15,25
MeasureObjectNeighbors,6,Neighbors,Cell,15,19,Cell,15,26
MeasureObjectNeighbors,6,Neighbors,Cell,15,19,Cell,15,28
MeasureObjectNeighbors,6,Neighbors,Cell,15,20,Cell,15,12
MeasureObjectNeighbors,6,Neighbors,Cell,15,20,Cell,15,14
MeasureObjectNeighbors,6,Neighbors,Cell,15,20,Cell,15,15
MeasureObjectNeighbors,6,Neighbors,Cell,15,20,Cell,15,16
MeasureObjectNeighbors,6,Neighbors,Cell,15,20,Cell,15,22
MeasureObjectNeighbors,6,Neighbors,Cell,15,21,Cell,15,13
MeasureObjectNeighbors,6,Neighbors,Cell,15,21,Cell,15,19
MeasureObjectNeighbors,6,Neighbors,Cell,15,21,Cell,15,23
MeasureObjectNeighbors,6,Neighbors,Cell,15,21,Cell,15,26
MeasureObjectNeighbors,6,Neighbors,Cell,15,22,Cell,15,10
MeasureObjectNeighbors,6,Neighbors,Cell,15,22,Cell,15,14
MeasureObjectNeighbors,6,Neighbors,Cell,15,22,Cell,15,15
MeasureObjectNeighbors,6,Neighbors,Cell,15,22,Cell,15,17
MeasureObjectNeighbors,6,Neighbors,Cell,15,22,Cell,15,18
MeasureObjectNeighbors,6,Neighbors,Cell,15,22,Cell,15,19
MeasureObjectNeighbors,6,Neighbors,Cell,15,22,Cell,15,20
MeasureObjectNeighbors,6,Neighbors,Cell,15,22,Cell,15,23
MeasureObjectNeighbors,6,Neighbors,Cell,15,22,Cell,15,24
MeasureObjectNeighbors,6,Neighbors,Cell,15,22,Cell,15,25
MeasureObjectNeighbors,6,Neighbors,Cell,15,22,Cell,15,27
MeasureObjectNeighbors,6,Neighbors,Cell,15,22,Cell,15,28
MeasureObjectNeighbors,6,Neighbors,Cell,15,22,Cell,15,30
MeasureObjectNeighbors,6,Neighbors,Cell,15,23,Cell,15,13
MeasureObjectNeighbors,6,Neighbors,Cell,15,23,Cell,15,18
MeasureObjectNeighbors,6,Neighbors,Cell,15,23,Cell,15,19
MeasureObjectNeighbors,6,Neighbors,Cell,15,23,Cell,15,21
MeasureObjectNeighbors,6,Neighbors,Cell,15,23,Cell,15,22
MeasureObjectNeighbors,6,Neighbors,Cell,15,23,Cell,15,24
MeasureObjectNeighbors,6,Neighbors,Cell,15,23,Cell,15,25
MeasureObjectNeighbors,6,Neighbors,Cell,15,23,Cell,15,26
MeasureObjectNeighbors,6,Neighbors,Cell,15,23,Cell,15,28
MeasureObjectNeighbors,6,Neighbors,Cell,15,24,Cell,15,17
MeasureObjectNeighbors,6,Neighbors,Cell,15,24,Cell,15,18
MeasureObjectNeighbors,6,Neighbors,Cell,15,24,Cell,15,19
MeasureObjectNeighbors,6,Neighbors,Cell,15,24,Cell,15,22
MeasureObjectNeighbors,6,Neighbors,Cell,15,24,Cell,15,23
MeasureObjectNeighbors,6,Neighbors,Cell,15,24,Cell,15,25
MeasureObjectNeighbors,6,Neighbors,Cell,15,24,Cell,15,27
MeasureObjectNeighbors,6,Neighbors,Cell,15,24,Cell,15,28
MeasureObjectNeighbors,6,Neighbors,Cell,15,24,Cell,15,30
MeasureObjectNeighbors,6,Neighbors,Cell,15,25,Cell,15,17
MeasureObjectNeighbors,6,Neighbors,Cell,15,25,Cell,15,18
MeasureObjectNeighbors,6,Neighbors,Cell,15,25,Cell,15,19
MeasureObjectNeighbors,6,Neighbors,Cell,15,25,Cell,15,22
MeasureObjectNeighbors,6,Neighbors,Cell,15,25,Cell,15,23
MeasureObjectNeighbors,6,Neighbors,Cell,15,25,Cell,15,24
MeasureObjectNeighbors,6,Neighbors,Cell,15,25,Cell,15,26
MeasureObjectNeighbors,6,Neighbors,Cell,15,25,Cell,15,27
MeasureObjectNeighbors,6,Neighbors,Cell,15,25,Cell,15,28
MeasureObjectNeighbors,6,Neighbors,Cell,15,25,Cell,15,29
MeasureObjectNeighbors,6,Neighbors,Cell,15,25,Cell,15,30
MeasureObjectNeighbors,6,Neighbors,Cell,15,26,Cell,15,18
MeasureObjectNeighbors,6,Neighbors,Cell,15,26,Cell,15,19
MeasureObjectNeighbors,6,Neighbors,Cell,15,26,Cell,15,21
MeasureObjectNeighbors,6,Neighbors,Cell,15,26,Cell,15,23
MeasureObjectNeighbors,6,Neighbors,Cell,15,26,Cell,15,25
MeasureObjectNeighbors,6,Neighbors,Cell,15,26,Cell,15,28
MeasureObjectNeighbors,6,Neighbors,Cell,15,26,Cell,15,29
MeasureObjectNeighbors,6,Neighbors,Cell,15,27,Cell,15,22
MeasureObjectNeighbors,6,Neighbors,Cell,15,27,Cell,15,24
MeasureObjectNeighbors,6,Neighbors,Cell,15,27,Cell,15,25
MeasureObjectNeighbors,6,Neighbors,Cell,15,27,Cell,15,30
MeasureObjectNeighbors,6,Neighbors,Cell,15,28,Cell,15,18
MeasureObjectNeighbors,6,Neighbors,Cell,15,28,Cell,15,19
MeasureObjectNeighbors,6,Neighbors,Cell,15,28,Cell,15,22
MeasureObjectNeighbors,6,Neighbors,Cell,15,28,Cell,15,23
MeasureObjectNeighbors,6,Neighbors,Cell,15,28,Cell,15,24
MeasureObjectNeighbors,6,Neighbors,Cell,15,28,Cell,15,25
MeasureObjectNeighbors,6,Neighbors,Cell,15,28,Cell,15,26
MeasureObjectNeighbors,6,Neighbors,Cell,15,28,Cell,15,29
MeasureObjectNeighbors,6,Neighbors,Cell,15,28,Cell,15,30
MeasureObjectNeighbors,6,Neighbors,Cell,15,29,Cell,15,25
MeasureObjectNeighbors,6,Neighbors,Cell,15,29,Cell,15,26
MeasureObjectNeighbors,6,Neighbors,Cell,15,29,Cell,15,28
MeasureObjectNeighbors,6,Neighbors,Cell,15,29,Cell,15,30
MeasureObjectNeighbors,6,Neighbors,Cell,15,30,Cell,15,22
MeasureObjectNeighbors,6,Neighbors,Cell,15,30,Cell,15,24
MeasureObjectNeighbors,6,Neighbors,Cell,15,30,Cell,15,25
MeasureObjectNeighbors,6,Neighbors,Cell,15,30,Cell,15,27
MeasureObjectNeighbors,6,Neighbors,Cell,15,30,Cell,15,28
MeasureObjectNeighbors,6,Neighbors,Cell,15,30,Cell,15,29
