Channel_FullStack,Channel_ProbabStack,Channel_cellmask,Count_cell,ExecutionTime_01Images,ExecutionTime_02Metadata,ExecutionTime_03NamesAndTypes,ExecutionTime_04Groups,ExecutionTime_05ConvertImageToObjects,ExecutionTime_06MeasureObjectNeighbors,ExecutionTime_07MeasureObjectIntensityMultichannel,ExecutionTime_08MeasureObjectIntensityMultichannel,ExecutionTime_09MeasureObjectSizeShape,ExecutionTime_10MeasureImageIntensityMultichannel,ExecutionTime_11MeasureImageIntensityMultichannel,FileName_FullStack,FileName_ProbabStack,FileName_cellmask,Frame_FullStack,Frame_ProbabStack,Frame_cellmask,Group_Index,Group_Number,Height_FullStack,Height_ProbabStack,Height_cellmask,ImageNumber,ImageSet_ImageSet,Intensity_LowerQuartileIntensity_FullStack_c1,Intensity_LowerQuartileIntensity_FullStack_c2,Intensity_LowerQuartileIntensity_FullStack_c3,Intensity_LowerQuartileIntensity_FullStack_c4,Intensity_LowerQuartileIntensity_FullStack_c5,Intensity_LowerQuartileIntensity_ProbabStack_c1,Intensity_LowerQuartileIntensity_ProbabStack_c2,Intensity_LowerQuartileIntensity_ProbabStack_c3,Intensity_MADIntensity_FullStack_c1,Intensity_MADIntensity_FullStack_c2,Intensity_MADIntensity_FullStack_c3,Intensity_MADIntensity_FullStack_c4,Intensity_MADIntensity_FullStack_c5,Intensity_MADIntensity_ProbabStack_c1,Intensity_MADIntensity_ProbabStack_c2,Intensity_MADIntensity_ProbabStack_c3,Intensity_MaxIntensity_FullStack_c1,Intensity_MaxIntensity_FullStack_c2,Intensity_MaxIntensity_FullStack_c3,Intensity_MaxIntensity_FullStack_c4,Intensity_MaxIntensity_FullStack_c5,Intensity_MaxIntensity_ProbabStack_c1,Intensity_MaxIntensity_ProbabStack_c2,Intensity_MaxIntensity_ProbabStack_c3,Intensity_MeanIntensity_FullStack_c1,Intensity_MeanIntensity_FullStack_c2,Intensity_MeanIntensity_FullStack_c3,Intensity_MeanIntensity_FullStack_c4,Intensity_MeanIntensity_FullStack_c5,Intensity_MeanIntensity_ProbabStack_c1,Intensity_MeanIntensity_ProbabStack_c2,Intensity_MeanIntensity_ProbabStack_c3,Intensity_MedianIntensity_FullStack_c1,Intensity_MedianIntensity_FullStack_c2,Intensity_MedianIntensity_FullStack_c3,Intensity_MedianIntensity_FullStack_c4,Intensity_MedianIntensity_FullStack_c5,Intensity_MedianIntensity_ProbabStack_c1,Intensity_MedianIntensity_ProbabStack_c2,Intensity_MedianIntensity_ProbabStack_c3,Intensity_MinIntensity_FullStack_c1,Intensity_MinIntensity_FullStack_c2,Intensity_MinIntensity_FullStack_c3,Intensity_MinIntensity_FullStack_c4,Intensity_MinIntensity_FullStack_c5,Intensity_MinIntensity_ProbabStack_c1,Intensity_MinIntensity_ProbabStack_c2,Intensity_MinIntensity_ProbabStack_c3,Intensity_PercentMaximal_FullStack_c1,Intensity_PercentMaximal_FullStack_c2,Intensity_PercentMaximal_FullStack_c3,Intensity_PercentMaximal_FullStack_c4,Intensity_PercentMaximal_FullStack_c5,Intensity_PercentMaximal_ProbabStack_c1,Intensity_PercentMaximal_ProbabStack_c2,Intensity_PercentMaximal_ProbabStack_c3,Intensity_StdIntensity_FullStack_c1,Intensity_StdIntensity_FullStack_c2,Intensity_StdIntensity_FullStack_c3,Intensity_StdIntensity_FullStack_c4,Intensity_StdIntensity_FullStack_c5,Intensity_StdIntensity_ProbabStack_c1,Intensity_StdIntensity_ProbabStack_c2,Intensity_StdIntensity_ProbabStack_c3,Intensity_TotalArea_FullStack_c1,Intensity_TotalArea_FullStack_c2,Intensity_TotalArea_FullStack_c3,Intensity_TotalArea_FullStack_c4,Intensity_TotalArea_FullStack_c5,Intensity_TotalArea_ProbabStack_c1,Intensity_TotalArea_ProbabStack_c2,Intensity_TotalArea_ProbabStack_c3,Intensity_TotalIntensity_FullStack_c1,Intensity_TotalIntensity_FullStack_c2,Intensity_TotalIntensity_FullStack_c3,Intensity_TotalIntensity_FullStack_c4,Intensity_TotalIntensity_FullStack_c5,Intensity_TotalIntensity_ProbabStack_c1,Intensity_TotalIntensity_ProbabStack_c2,Intensity_TotalIntensity_ProbabStack_c3,Intensity_UpperQuartileIntensity_FullStack_c1,Intensity_UpperQuartileIntensity_FullStack_c2,Intensity_UpperQuartileIntensity_FullStack_c3,Intensity_UpperQuartileIntensity_FullStack_c4,Intensity_UpperQuartileIntensity_FullStack_c5,Intensity_UpperQuartileIntensity_ProbabStack_c1,Intensity_UpperQuartileIntensity_ProbabStack_c2,Intensity_UpperQuartileIntensity_ProbabStack_c3,MD5Digest_FullStack,MD5Digest_ProbabStack,MD5Digest_cellmask,Metadata_,Metadata_FileLocation,Metadata_Frame,Metadata_Series,Metadata_ablation_distance_between_shots_x,Metadata_ablation_distance_between_shots_y,Metadata_ablation_frequency,Metadata_ablation_power,Metadata_acid,Metadata_acname,Metadata_description,Metadata_end_timestamp,Metadata_has_after_ablation_image,Metadata_has_before_ablation_image,Metadata_is_valid,Metadata_max_x,Metadata_max_y,Metadata_movement_type,Metadata_origin,Metadata_profiling_type,Metadata_roi_end_x_pos_um,Metadata_roi_end_y_pos_um,Metadata_roi_start_x_pos_um,Metadata_roi_start_y_pos_um,Metadata_segment_data_format,Metadata_signal_type,Metadata_slide_id,Metadata_slideid,Metadata_source_path,Metadata_start_timestamp,Metadata_template,ModuleError_01Images,ModuleError_02Metadata,ModuleError_03NamesAndTypes,ModuleError_04Groups,ModuleError_05ConvertImageToObjects,ModuleError_06MeasureObjectNeighbors,ModuleError_07MeasureObjectIntensityMultichannel,ModuleError_08MeasureObjectIntensityMultichannel,ModuleError_09MeasureObjectSizeShape,ModuleError_10MeasureImageIntensityMultichannel,ModuleError_11MeasureImageIntensityMultichannel,PathName_FullStack,PathName_ProbabStack,PathName_cellmask,ProcessingStatus,Scaling_FullStack,Scaling_ProbabStack,Scaling_cellmask,Series_FullStack,Series_ProbabStack,Series_cellmask,URL_FullStack,URL_ProbabStack,URL_cellmask,Width_FullStack,Width_ProbabStack,Width_cellmask
-2,-2,-1,4.0,0.0,0.0,1.230000000000004,0.0,0.01999999999999602,0.05999999999998806,0.37000000000000455,0.1599999999999966,0.04000000000000625,0.04000000000000625,0.020000000000010232,20210305_NE_mockData1_s0_a1_ac_full.tiff,20210305_NE_mockData1_s0_a1_ac_ilastik_s2_Probabilities_s1.tiff,20210305_NE_mockData1_s0_a1_ac_ilastik_s2_Probabilities_mask.tiff,0,0,0,1,1,60,60,60,1,b'eLuj8Hzisxltmw6uzD3aNh0mcUy4bUpMk2W0cTp0YpyyxilINzlxrY8lNnC0VlHbvFRKFQqggCwuSExOJdc0YKwgt7yhZtvoIwvaQNrjukY2+tCWuT6qb4ACOHwNqovsAN+qRxg=',0.0,0.0,0.0,0.0,0.0,0.00999466,0.00999466,0.9699855,0.0,0.0,0.0,0.0,0.0,0.0,0.0,3.0517578e-05,3.0518044e-05,0.00010681315,4.5777066e-05,4.5777066e-05,7.629511e-05,0.065308616,0.2095369,0.9981842,4.1962310206145046e-07,3.5138135879404014e-06,5.764519381854269e-07,4.662478911793894e-07,1.0766087669051356e-06,0.01035037146674262,0.017884123060438368,0.9717484537760417,0.0,0.0,0.0,0.0,0.0,0.00999466,0.00999466,0.9799954,0.0,0.0,0.0,0.0,0.0,0.0,0.0010376135,0.7468223,0.1111111111111111,0.027777777777777776,0.027777777777777776,0.027777777777777776,0.027777777777777776,0.027777777777777776,0.027777777777777776,0.027777777777777776,2.5969928e-06,9.66438e-06,3.0609276e-06,2.7466106e-06,4.606431e-06,0.0036315992,0.017763887,0.020139309,3600,3600,3600,3600,3600,3600,3600,3600,0.0015106432,0.012649729,0.002075227,0.0016784924,0.0038757916,37.261337,64.38284,3498.2944,0.0,0.0,0.0,0.0,0.0,0.00999466,0.019958802,0.9799954,a58b7ef081194a70f42086ea18f2fd94,b0ec30b533d8cc0b452bdcbb641351fa,d795879497baf8e5c52fadb3c5c9116b,0,nan,0,0,1.0,1.0,200.0,5.0,1,20210305_NE_mockData1,ROI_001,2021-03-05T13:36:53.2377649+01:00,False,False,True,60,60,XRaster,mcd,Local,31140.501,13390.28,31080000.0,13449000.0,Float,Dual,0,0,/Users/nils/Github/ImcSegmentationPipeline/scripts/../../TestData/datasets/210308_ImcTestData/raw/20210305_NE_mockData1/20210305_NE_mockData1.mcd,2021-03-05T13:36:08.3473821+01:00,mock_panel,0,0,0,0,0,0,0,0,0,0,0,/Users/nils/Github/TestData/datasets/210308_ImcTestData/analysis/cpout/images,/Users/nils/Github/TestData/datasets/210308_ImcTestData/analysis/cpout/probabilities,/Users/nils/Github/TestData/datasets/210308_ImcTestData/analysis/cpout/masks,Done,65535,65535,65535,0,0,0,file:/Users/nils/Github/TestData/datasets/210308_ImcTestData/analysis/cpout/images/20210305_NE_mockData1_s0_a1_ac_full.tiff,file:/Users/nils/Github/TestData/datasets/210308_ImcTestData/analysis/cpout/probabilities/20210305_NE_mockData1_s0_a1_ac_ilastik_s2_Probabilities_s1.tiff,file:/Users/nils/Github/TestData/datasets/210308_ImcTestData/analysis/cpout/masks/20210305_NE_mockData1_s0_a1_ac_ilastik_s2_Probabilities_mask.tiff,60,60,60
-2,-2,-1,12.0,0.0,0.0,1.8699999999999903,0.0,0.04999999999999716,0.09000000000000341,0.5600000000000023,0.21000000000000796,0.060000000000002274,0.04999999999999716,0.030000000000001137,20210305_NE_mockData1_s0_a2_ac_full.tiff,20210305_NE_mockData1_s0_a2_ac_ilastik_s2_Probabilities_s1.tiff,20210305_NE_mockData1_s0_a2_ac_ilastik_s2_Probabilities_mask.tiff,0,0,0,2,1,51,51,51,2,b'eLuj8Hzisxltmw6uzA2px4xG26ZDPY4Jt02Ronq0cToCGqf4Yxqkm5y41scSGzhaq6htXiqlCgVQQBYXJCankmsaMFaQW95Qs230kQVtIO1xXSMbfWjLXB/VN0ABHL4G1UV2AOndRxs=',0.0,0.0,0.0,0.0,0.0,0.0,0.0072022583,0.0032654307,0.0,0.0,0.0,0.0,4.5777066e-05,0.002761883,0.4120241,0.31119248,0.0010070954,0.00047302968,0.0022430762,0.00080872816,0.0011291676,0.99993896,1.0,1.0,7.863258075553413e-06,2.343550224003254e-05,9.240496757568097e-05,3.692739204887082e-05,0.00011885113210654726,0.07068210489609662,0.4836122849408318,0.4456943437164905,0.0,0.0,0.0,0.0,4.5777066e-05,0.002761883,0.5577325,0.31119248,0.0,0.0,0.0,0.0,0.0,0.0,0.0,0.0,0.030637254901960783,0.030637254901960783,0.030637254901960783,0.030637254901960783,0.030637254901960783,0.030637254901960783,0.21446078431372548,17.800245098039216,3.999633e-05,5.1040606e-05,0.00023271325,6.49943e-05,0.00016412004,0.2027811,0.40435252,0.42794392,3264,3264,3264,3264,3264,3264,3264,3264,0.025665674,0.07649348,0.3016098,0.12053101,0.3879301,230.70639,1578.5105,1454.7463,0.0,1.5259022e-05,4.5777066e-05,4.5777066e-05,0.00018310826,0.022995345,0.9094377,0.98999006,eaa1b199f9ef9d986c5efa75ef164179,60d22153950c860b10dcf0faeb8def0b,40d74570518dc2d9c485a078fca6bc64,1,nan,0,0,1.0,1.0,200.0,5.0,2,20210305_NE_mockData1,ROI_002,2021-03-05T13:37:44.1120873+01:00,False,False,True,64,51,XRaster,mcd,Local,31948.494,14078.232,31884000.0,14128000.0,Float,Dual,0,0,/Users/nils/Github/ImcSegmentationPipeline/scripts/../../TestData/datasets/210308_ImcTestData/raw/20210305_NE_mockData1/20210305_NE_mockData1.mcd,2021-03-05T13:37:02.3618398+01:00,mock_panel,0,0,0,0,0,0,0,0,0,0,0,/Users/nils/Github/TestData/datasets/210308_ImcTestData/analysis/cpout/images,/Users/nils/Github/TestData/datasets/210308_ImcTestData/analysis/cpout/probabilities,/Users/nils/Github/TestData/datasets/210308_ImcTestData/analysis/cpout/masks,Done,65535,65535,65535,0,0,0,file:/Users/nils/Github/TestData/datasets/210308_ImcTestData/analysis/cpout/images/20210305_NE_mockData1_s0_a2_ac_full.tiff,file:/Users/nils/Github/TestData/datasets/210308_ImcTestData/analysis/cpout/probabilities/20210305_NE_mockData1_s0_a2_ac_ilastik_s2_Probabilities_s1.tiff,file:/Users/nils/Github/TestData/datasets/210308_ImcTestData/analysis/cpout/masks/20210305_NE_mockData1_s0_a2_ac_ilastik_s2_Probabilities_mask.tiff,64,64,64
-2,-2,-1,13.0,0.0,0.0,1.9499999999999886,0.0,0.030000000000001137,0.07000000000000739,0.5400000000000063,0.15000000000000568,0.060000000000002274,0.04999999999999716,0.030000000000001137,20210305_NE_mockData1_s0_a3_ac_full.tiff,20210305_NE_mockData1_s0_a3_ac_ilastik_s2_Probabilities_s1.tiff,20210305_NE_mockData1_s0_a3_ac_ilastik_s2_Probabilities_mask.tiff,0,0,0,3,1,43,43,43,3,b'eLuj8Hzisxltmw6uzA2px4xH26ZDPY4Jt02Ronq0cToCGqf4Yxqkm5y41scSGzhaq6htXiqlCgVQQBYXJCankmsaMFaQW95Qs230kQVtIO1xXSMbfWjLXB/VN0ABHL4G1UV2APQQRx4=',0.0,0.0,0.0,0.0,0.0,3.0518044e-05,0.050675213,0.00024414435,1.5259022e-05,1.5259022e-05,4.5777066e-05,1.5259022e-05,6.103609e-05,0.017662318,0.32371253,0.039703973,0.0024261845,0.0007476921,0.0029602502,0.00079346914,0.0018463416,1.0,1.0,1.0,0.00013100048830342847,5.806945091070131e-05,0.000293335193811461,7.19374141027761e-05,0.00016804086607556012,0.12699482762536338,0.5398150776707848,0.3331768940770349,1.5259022e-05,1.5259022e-05,4.5777066e-05,1.5259022e-05,6.103609e-05,0.017662318,0.652842,0.039703973,0.0,0.0,0.0,0.0,0.0,0.0,0.0,0.0,0.09302325581395349,0.046511627906976744,0.046511627906976744,0.046511627906976744,0.046511627906976744,0.046511627906976744,0.27906976744186046,12.093023255813954,0.00032043539,8.7287925e-05,0.0004214592,0.000110254936,0.00026674016,0.25542602,0.39933023,0.414713,2150,2150,2150,2150,2150,2150,2150,2150,0.28165105,0.12484932,0.63067067,0.15466544,0.36128786,273.03888,1160.6024,716.3303,4.5777066e-05,7.629511e-05,0.0004882887,0.00012207218,0.00022888533,0.0708629,0.94650185,0.8553445,36baef828c71c2afae208258f7796fc6,6e56a283ee9f694417f2caa25fbcf150,41970459000df178240943ed54bc6e56,2,nan,0,0,1.0,1.0,200.0,5.0,3,20210305_NE_mockData1,ROI_003,2021-03-05T13:38:25.6079224+01:00,False,False,True,50,43,XRaster,mcd,Global,31698.491,13307.205,31648000.0,13349000.0,Float,Dual,0,0,/Users/nils/Github/ImcSegmentationPipeline/scripts/../../TestData/datasets/210308_ImcTestData/raw/20210305_NE_mockData1/20210305_NE_mockData1.mcd,2021-03-05T13:37:53.3574654+01:00,mock_panel,0,0,0,0,0,0,0,0,0,0,0,/Users/nils/Github/TestData/datasets/210308_ImcTestData/analysis/cpout/images,/Users/nils/Github/TestData/datasets/210308_ImcTestData/analysis/cpout/probabilities,/Users/nils/Github/TestData/datasets/210308_ImcTestData/analysis/cpout/masks,Done,65535,65535,65535,0,0,0,file:/Users/nils/Github/TestData/datasets/210308_ImcTestData/analysis/cpout/images/20210305_NE_mockData1_s0_a3_ac_full.tiff,file:/Users/nils/Github/TestData/datasets/210308_ImcTestData/analysis/cpout/probabilities/20210305_NE_mockData1_s0_a3_ac_ilastik_s2_Probabilities_s1.tiff,file:/Users/nils/Github/TestData/datasets/210308_ImcTestData/analysis/cpout/masks/20210305_NE_mockData1_s0_a3_ac_ilastik_s2_Probabilities_mask.tiff,50,50,50
-2,-2,-1,11.0,0.0,0.0,1.980000000000004,0.0,0.04000000000000625,0.06999999999999318,0.5100000000000051,0.1699999999999875,0.060000000000002274,0.04000000000000625,0.03999999999999204,20210305_NE_mockData2_s0_a1_ac_full.tiff,20210305_NE_mockData2_s0_a1_ac_ilastik_s2_Probabilities_s1.tiff,20210305_NE_mockData2_s0_a1_ac_ilastik_s2_Probabilities_mask.tiff,0,0,0,4,1,87,87,87,4,b'eLuj8Hzisxltmw6uzG002jYdHnFMuG1KTBtgtHE6dGIcd+OUmJgG6SYnrvWxxAaO1ipqm5dKqUIBFJDFBYnJqeSaBowV5JY31GwbfWRBG0h7XNfIRh/aMtdH9Q1QAIevQXWRHQDp70cb',0.0,0.0,0.0,0.0,0.0,0.0,0.0,0.00999466,0.0,0.0,0.0,0.0,0.0,0.0005645838,0.01998932,0.029770374,0.0030212863,0.0007782101,4.5777066e-05,0.00093080034,0.00010681315,1.0,1.0,1.0,8.253085534762304e-05,2.0997545346925332e-05,7.032670247782263e-07,3.968094917376544e-05,2.462286350384127e-06,0.03459185359866714,0.3504948581439711,0.61490373214485,0.0,0.0,0.0,0.0,0.0,0.0005645838,0.01998932,0.9702296,0.0,0.0,0.0,0.0,0.0,0.0,0.0,0.0,0.022318937618569356,0.011159468809284678,0.06695681285570806,0.011159468809284678,0.011159468809284678,0.022318937618569356,0.5244950340363799,21.92835621024439,0.00025144056,5.7396017e-05,3.5167068e-06,7.003604e-05,7.5239113e-06,0.14195025,0.42907318,0.4494091,8961,8961,8961,8961,8961,8961,8961,8961,0.739559,0.188159,0.006301976,0.355581,0.022064548,309.9776,3140.7844,5510.1523,1.5259022e-05,1.5259022e-05,0.0,6.103609e-05,0.0,0.00999466,0.91673154,0.99946594,97ac52da31418933c24d25f8559cae87,ee2780d54ccef2604030a9f34a6e7518,15d19d6ba4625b9969d5d0ee7747b518,0,nan,0,0,1.0,1.0,200.0,5.0,1,20210305_NE_mockData2,ROI_001,2021-03-05T14:35:29.0332966+01:00,False,False,True,103,87,XRaster,mcd,Global,15345.5,12714.39,15242000.0,12800000.0,Float,Dual,0,0,/Users/nils/Github/ImcSegmentationPipeline/scripts/../../TestData/datasets/210308_ImcTestData/raw/20210305_NE_mockData2/20210305_NE_mockData2.mcd,2021-03-05T14:34:09.4425282+01:00,mock_panel,0,0,0,0,0,0,0,0,0,0,0,/Users/nils/Github/TestData/datasets/210308_ImcTestData/analysis/cpout/images,/Users/nils/Github/TestData/datasets/210308_ImcTestData/analysis/cpout/probabilities,/Users/nils/Github/TestData/datasets/210308_ImcTestData/analysis/cpout/masks,Done,65535,65535,65535,0,0,0,file:/Users/nils/Github/TestData/datasets/210308_ImcTestData/analysis/cpout/images/20210305_NE_mockData2_s0_a1_ac_full.tiff,file:/Users/nils/Github/TestData/datasets/210308_ImcTestData/analysis/cpout/probabilities/20210305_NE_mockData2_s0_a1_ac_ilastik_s2_Probabilities_s1.tiff,file:/Users/nils/Github/TestData/datasets/210308_ImcTestData/analysis/cpout/masks/20210305_NE_mockData2_s0_a1_ac_ilastik_s2_Probabilities_mask.tiff,103,103,103
-2,-2,-1,11.0,0.0,0.0,0.7200000000000131,0.0,0.03999999999999204,0.0799999999999983,0.5100000000000051,0.21000000000000796,0.0799999999999983,0.0799999999999983,0.05000000000001137,20210305_NE_mockData2_s0_a2_ac_full.tiff,20210305_NE_mockData2_s0_a2_ac_ilastik_s2_Probabilities_s1.tiff,20210305_NE_mockData2_s0_a2_ac_ilastik_s2_Probabilities_mask.tiff,0,0,0,5,1,61,61,61,5,b'eLuj8Hzisxltmw6uzA2pGIxG26ZDPY4Jt02Ronq0cTqsG6fExDRINzlxrY8lNnC0VlHbvFRKFQqggCwuSExOJdc0YKwgt7yhZtvoIwvaQNrjukY2+tCWuT6qb4ACOHwNqovsAPQiRx4=',0.0,0.0,0.0,0.0,0.0,0.0,0.005004959,0.01760891,0.0,0.0,0.0,0.0,0.0,0.0005035477,0.24708934,0.38527507,0.0017700465,0.0012817578,3.0518044e-05,0.00080872816,6.103609e-05,0.99942017,1.0,1.0,1.3236639590089804e-05,3.564395434858402e-05,6.402090319157243e-07,3.25022687114388e-05,1.2888976536581468e-06,0.08091028228869998,0.3893250647966449,0.5297526629575924,0.0,0.0,0.0,0.0,0.0,0.0005035477,0.24708934,0.61472493,0.0,0.0,0.0,0.0,0.0,0.0,0.0,0.0,0.027785495971103084,0.027785495971103084,0.027785495971103084,0.027785495971103084,0.027785495971103084,0.027785495971103084,0.13892747985551543,17.47707696582384,8.969006e-05,9.8469805e-05,3.0803387e-06,5.6955134e-05,4.7197395e-06,0.21971789,0.39331794,0.43506396,3599,3599,3599,3599,3599,3599,3599,3599,0.047638666,0.12828259,0.0023041123,0.116975665,0.0046387427,291.1961,1401.1809,1906.5798,0.0,3.0518044e-05,0.0,4.5777066e-05,0.0,0.01934844,0.83797973,0.99272144,d0ddd466f7b9f8ad2b650d3250936a54,1eee431547a2ea528b19b5cf2294d793,e7e4bc8057037ae2efc975ab6ed8cd9d,1,nan,0,0,1.0,1.0,200.0,5.0,2,20210305_NE_mockData2,ROI_002,2021-03-05T14:36:22.6286094+01:00,False,False,True,59,61,XRaster,mcd,Global,15753.496,13187.277,15694000.0,13247000.0,Float,Dual,0,0,/Users/nils/Github/ImcSegmentationPipeline/scripts/../../TestData/datasets/210308_ImcTestData/raw/20210305_NE_mockData2/20210305_NE_mockData2.mcd,2021-03-05T14:35:38.2243943+01:00,mock_panel,0,0,0,0,0,0,0,0,0,0,0,/Users/nils/Github/TestData/datasets/210308_ImcTestData/analysis/cpout/images,/Users/nils/Github/TestData/datasets/210308_ImcTestData/analysis/cpout/probabilities,/Users/nils/Github/TestData/datasets/210308_ImcTestData/analysis/cpout/masks,Done,65535,65535,65535,0,0,0,file:/Users/nils/Github/TestData/datasets/210308_ImcTestData/analysis/cpout/images/20210305_NE_mockData2_s0_a2_ac_full.tiff,file:/Users/nils/Github/TestData/datasets/210308_ImcTestData/analysis/cpout/probabilities/20210305_NE_mockData2_s0_a2_ac_ilastik_s2_Probabilities_s1.tiff,file:/Users/nils/Github/TestData/datasets/210308_ImcTestData/analysis/cpout/masks/20210305_NE_mockData2_s0_a2_ac_ilastik_s2_Probabilities_mask.tiff,59,59,59
-2,-2,-1,10.0,0.0,0.0,0.5900000000000034,0.0,0.029999999999986926,0.060000000000002274,0.5100000000000051,0.3199999999999932,0.05999999999998806,0.07000000000000739,0.030000000000001137,20210305_NE_mockData2_s0_a3_ac_full.tiff,20210305_NE_mockData2_s0_a3_ac_ilastik_s2_Probabilities_s1.tiff,20210305_NE_mockData2_s0_a3_ac_ilastik_s2_Probabilities_mask.tiff,0,0,0,6,1,54,54,54,6,b'eLuj8Hzisxltmw6uzA2pGIxH26ZDPY4Jt02Ronq0cTqsG6fExDRINzlxrY8lNnC0VlHbvFRKFQqggCwuSExOJdc0YKwgt7yhZtvoIwvaQNrjukY2+tCWuT6qb4ACOHwNqovsAP5VRyE=',0.0,0.0,0.0,0.0,0.0,3.0518044e-05,0.22710003,0.0002746624,0.0,1.5259022e-05,0.0,4.5777066e-05,0.0,0.008339055,0.15875489,0.02056916,0.0012970169,0.0008392462,3.0518044e-05,0.00093080034,7.629511e-05,1.0,1.0,1.0,4.692869241382591e-05,4.312726145103876e-05,7.67749529214775e-07,6.623972261976646e-05,2.3459013392673682e-06,0.09310523885517667,0.6352295092483403,0.27165165653935186,0.0,1.5259022e-05,0.0,4.5777066e-05,0.0,0.008339055,0.8329595,0.02056916,0.0,0.0,0.0,0.0,0.0,0.0,0.0,0.0,0.03494060097833683,0.03494060097833683,0.2445842068483578,0.03494060097833683,0.06988120195667366,0.10482180293501048,0.803633822501747,3.2844164919636616,0.00013924777,8.085225e-05,3.5020903e-06,8.136104e-05,6.835686e-06,0.2245247,0.3814569,0.37848407,2862,2862,2862,2862,2862,2862,2862,2862,0.13430992,0.12343022,0.0021972992,0.18957809,0.0067139696,266.4672,1818.0269,777.46704,1.5259022e-05,4.5777066e-05,0.0,0.00010681315,0.0,0.037521936,0.96833754,0.5564507,bf89b5896b72b094e6f36a1a6403fcfa,9919d64c8630c78a175e4d72423a6f79,a6c5d3fea42eba749f89d4232461eee3,2,nan,0,0,1.0,1.0,200.0,5.0,3,20210305_NE_mockData2,ROI_003,2021-03-05T14:37:10.8595289+01:00,False,False,True,53,54,XRaster,mcd,Global,15972.503,13239.251,15919000.0,13292000.0,Float,Dual,0,0,/Users/nils/Github/ImcSegmentationPipeline/scripts/../../TestData/datasets/210308_ImcTestData/raw/20210305_NE_mockData2/20210305_NE_mockData2.mcd,2021-03-05T14:36:31.8506434+01:00,mock_panel,0,0,0,0,0,0,0,0,0,0,0,/Users/nils/Github/TestData/datasets/210308_ImcTestData/analysis/cpout/images,/Users/nils/Github/TestData/datasets/210308_ImcTestData/analysis/cpout/probabilities,/Users/nils/Github/TestData/datasets/210308_ImcTestData/analysis/cpout/masks,Done,65535,65535,65535,0,0,0,file:/Users/nils/Github/TestData/datasets/210308_ImcTestData/analysis/cpout/images/20210305_NE_mockData2_s0_a3_ac_full.tiff,file:/Users/nils/Github/TestData/datasets/210308_ImcTestData/analysis/cpout/probabilities/20210305_NE_mockData2_s0_a3_ac_ilastik_s2_Probabilities_s1.tiff,file:/Users/nils/Github/TestData/datasets/210308_ImcTestData/analysis/cpout/masks/20210305_NE_mockData2_s0_a3_ac_ilastik_s2_Probabilities_mask.tiff,53,53,53
-2,-2,-1,13.0,0.0,0.0,0.5099999999999909,0.0,0.030000000000001137,0.06999999999999318,0.5,0.29999999999999716,0.07000000000000739,0.060000000000002274,0.03999999999999204,20210305_NE_mockData3_s0_a1_ac_full.tiff,20210305_NE_mockData3_s0_a1_ac_ilastik_s2_Probabilities_s1.tiff,20210305_NE_mockData3_s0_a1_ac_ilastik_s2_Probabilities_mask.tiff,0,0,0,7,1,50,50,50,7,b'eLuj8Hzisxltmw6uzG082jYdHnFMuG1KTD092jgdOjGOu3FKTEyDdJMT1/pYYgNHaxW1zUulVKEACsjigsTkVHJNA8YKcssbaraNPrKgDaQ9rmtkow9tmeuj+gYogMPXoLrIDgD0NEce',0.0,0.0,0.0,0.0,0.0,0.0,0.0,0.0030060273,0.0,0.0,1.5259022e-05,0.0,0.0,0.00028992142,0.14316776,0.2792325,0.0017547875,0.0007476921,0.0018005646,0.0007629511,6.103609e-05,0.9998779,1.0,1.0,5.8132107369601727e-05,4.0321964770555494e-05,0.0001407263334840536,5.142766982316971e-05,1.6927978140302001e-06,0.0761046552658081,0.38111637115478514,0.5427690887451172,0.0,0.0,1.5259022e-05,0.0,0.0,0.00028992142,0.14316776,0.7207675,0.0,0.0,0.0,0.0,0.0,0.0,0.0,0.0,0.03125,0.09375,0.03125,0.03125,0.03125,0.03125,0.125,27.1875,0.00018166391,9.188139e-05,0.00023449076,8.9498986e-05,5.956501e-06,0.20937967,0.41351968,0.45575994,3200,3200,3200,3200,3200,3200,3200,3200,0.18602274,0.12903029,0.45032427,0.16456854,0.005416953,243.5349,1219.5724,1736.8611,1.5259022e-05,3.0518044e-05,0.0002136263,7.629511e-05,0.0,0.018677043,0.8839246,1.0,b1f6c8a6a48d071133c315a21ab8187d,5e1ed37512a66bd2d08225c597bb4d2e,aa7a63a4eee0cfdcc20272513738bf2f,0,nan,0,0,1.0,1.0,200.0,5.0,1,20210305_NE_mockData3,ROI_001,2021-03-05T15:08:53.2318777+01:00,False,False,True,64,50,XRaster,mcd,Global,17121.506,13436.233,17057000.0,13485000.0,Float,Dual,0,0,/Users/nils/Github/ImcSegmentationPipeline/scripts/../../TestData/datasets/210308_ImcTestData/raw/20210305_NE_mockData3/20210305_NE_mockData3.mcd,2021-03-05T15:08:13.9494622+01:00,mock_panel,0,0,0,0,0,0,0,0,0,0,0,/Users/nils/Github/TestData/datasets/210308_ImcTestData/analysis/cpout/images,/Users/nils/Github/TestData/datasets/210308_ImcTestData/analysis/cpout/probabilities,/Users/nils/Github/TestData/datasets/210308_ImcTestData/analysis/cpout/masks,Done,65535,65535,65535,0,0,0,file:/Users/nils/Github/TestData/datasets/210308_ImcTestData/analysis/cpout/images/20210305_NE_mockData3_s0_a1_ac_full.tiff,file:/Users/nils/Github/TestData/datasets/210308_ImcTestData/analysis/cpout/probabilities/20210305_NE_mockData3_s0_a1_ac_ilastik_s2_Probabilities_s1.tiff,file:/Users/nils/Github/TestData/datasets/210308_ImcTestData/analysis/cpout/masks/20210305_NE_mockData3_s0_a1_ac_ilastik_s2_Probabilities_mask.tiff,64,64,64
-2,-2,-1,12.0,0.0,0.0,0.5799999999999983,0.0,0.030000000000001137,0.04999999999999716,0.5,0.3200000000000074,0.12999999999999545,0.11999999999999034,0.04000000000000625,20210305_NE_mockData3_s0_a2_ac_full.tiff,20210305_NE_mockData3_s0_a2_ac_ilastik_s2_Probabilities_s1.tiff,20210305_NE_mockData3_s0_a2_ac_ilastik_s2_Probabilities_mask.tiff,0,0,0,8,1,54,54,54,8,b'eLuj8Hzisxltmw6uzA0pvI1G26ZDPY4Jt02Ronq0cTqsG6fExDRINzlxrY8lNnC0VlHbvFRKFQqggCwuSExOJdc0YKwgt7yhZtvoIwvaQNrjukY2+tCWuT6qb4ACOHwNqovsAP5nRyE=',0.0,0.0,0.0,0.0,0.0,0.0,0.0,0.0,0.0,0.0,1.5259022e-05,0.0,0.0,0.0010070954,0.14434272,0.2937209,0.001373312,0.0006408789,0.0026245518,0.0007629511,6.103609e-05,0.9993286,1.0,1.0,3.7635087835960844e-05,3.7884137406711374e-05,0.0001573460848916647,5.537501611727555e-05,2.3132792866349744e-06,0.07998784143671776,0.3903086746704331,0.5296938908751178,0.0,0.0,1.5259022e-05,0.0,0.0,0.0010070954,0.14434272,0.7062791,0.0,0.0,0.0,0.0,0.0,0.0,0.0,0.0,0.031387319522912745,0.031387319522912745,0.031387319522912745,0.031387319522912745,0.25109855618330196,0.031387319522912745,0.3766478342749529,23.91713747645951,0.000119489996,7.98089e-05,0.00029274644,8.9523855e-05,7.0690494e-06,0.20832777,0.42165905,0.466133,3186,3186,3186,3186,3186,3186,3186,3186,0.11990539,0.12069886,0.5013046,0.1764248,0.007370108,254.84126,1243.5234,1687.6047,1.5259022e-05,3.0518044e-05,0.0002136263,9.155413e-05,0.0,0.020920118,0.90440226,0.99993896,0580179f38b31c318a18bd6a5e38a1fc,b76a6bb6bdefef06a23b054fff390a44,9ed637b565b5212ca58ad09ebdd6247f,1,nan,0,0,1.0,1.0,200.0,5.0,2,20210305_NE_mockData3,ROI_002,2021-03-05T15:09:43.6235361+01:00,False,False,True,59,54,XRaster,mcd,Global,17132.499,13688.243,17073000.0,13741000.0,Float,Dual,0,0,/Users/nils/Github/ImcSegmentationPipeline/scripts/../../TestData/datasets/210308_ImcTestData/raw/20210305_NE_mockData3/20210305_NE_mockData3.mcd,2021-03-05T15:09:02.3881287+01:00,mock_panel,0,0,0,0,0,0,0,0,0,0,0,/Users/nils/Github/TestData/datasets/210308_ImcTestData/analysis/cpout/images,/Users/nils/Github/TestData/datasets/210308_ImcTestData/analysis/cpout/probabilities,/Users/nils/Github/TestData/datasets/210308_ImcTestData/analysis/cpout/masks,Done,65535,65535,65535,0,0,0,file:/Users/nils/Github/TestData/datasets/210308_ImcTestData/analysis/cpout/images/20210305_NE_mockData3_s0_a2_ac_full.tiff,file:/Users/nils/Github/TestData/datasets/210308_ImcTestData/analysis/cpout/probabilities/20210305_NE_mockData3_s0_a2_ac_ilastik_s2_Probabilities_s1.tiff,file:/Users/nils/Github/TestData/datasets/210308_ImcTestData/analysis/cpout/masks/20210305_NE_mockData3_s0_a2_ac_ilastik_s2_Probabilities_mask.tiff,59,59,59
-2,-2,-1,9.0,0.0,0.0,0.5499999999999972,0.0,0.030000000000001137,0.060000000000002274,0.5100000000000051,0.3200000000000074,0.06999999999999318,0.060000000000002274,0.030000000000001137,20210305_NE_mockData3_s0_a3_ac_full.tiff,20210305_NE_mockData3_s0_a3_ac_ilastik_s2_Probabilities_s1.tiff,20210305_NE_mockData3_s0_a3_ac_ilastik_s2_Probabilities_mask.tiff,0,0,0,9,1,46,46,46,9,b'eLuj8Hzisxltmw6uzA0pvI1H26ZDPY4Jt02Ronq0cTqsG6fExDRINzlxrY8lNnC0VlHbvFRKFQqggCwuSExOJdc0YKwgt7yhZtvoIwvaQNrjukY2+tCWuT6qb4ACOHwNqovsAAipRyQ=',0.0,0.0,0.0,0.0,0.0,0.0,0.0,0.010208285,0.0,0.0,1.5259022e-05,0.0,0.0,0.0,0.011306935,0.02000457,0.0018616007,0.0004119936,0.0060120546,0.00024414435,7.629511e-05,0.99980164,1.0,1.0,3.5859123651444684e-05,2.0910821235895024e-05,0.000516207584261435,2.343859574790833e-05,2.3094283178014024e-06,0.04096015758021034,0.3448982469708826,0.6141343313583517,0.0,0.0,1.5259022e-05,0.0,0.0,0.0,0.011306935,0.9799954,0.0,0.0,0.0,0.0,0.0,0.0,0.0,0.0,0.0275178866263071,0.0550357732526142,0.0550357732526142,0.0275178866263071,0.0275178866263071,0.0275178866263071,0.7980187121629059,35.69069895432031,0.00015808853,4.8693066e-05,0.00096003345,4.0236275e-05,6.917104e-06,0.1545413,0.42627814,0.45462695,3634,3634,3634,3634,3634,3634,3634,3634,0.13031206,0.075989924,1.8758984,0.08517586,0.0083924625,148.84921,1253.3602,2231.7642,1.5259022e-05,1.5259022e-05,0.0006103609,3.0518044e-05,0.0,0.0057221334,0.88990617,1.0,3744b81a91b3d35cbff60a3356b45e75,440d394487e9c00925450900b3189279,087f0c2f0a21e5aa187c57fdff1c1e43,2,nan,0,0,1.0,1.0,200.0,5.0,3,20210305_NE_mockData3,ROI_003,2021-03-05T15:10:33.9760505+01:00,False,False,True,79,46,XRaster,mcd,Global,17201.508,13459.207,17122000.0,13504000.0,Float,Dual,0,0,/Users/nils/Github/ImcSegmentationPipeline/scripts/../../TestData/datasets/210308_ImcTestData/raw/20210305_NE_mockData3/20210305_NE_mockData3.mcd,2021-03-05T15:09:52.7273141+01:00,mock_panel,0,0,0,0,0,0,0,0,0,0,0,/Users/nils/Github/TestData/datasets/210308_ImcTestData/analysis/cpout/images,/Users/nils/Github/TestData/datasets/210308_ImcTestData/analysis/cpout/probabilities,/Users/nils/Github/TestData/datasets/210308_ImcTestData/analysis/cpout/masks,Done,65535,65535,65535,0,0,0,file:/Users/nils/Github/TestData/datasets/210308_ImcTestData/analysis/cpout/images/20210305_NE_mockData3_s0_a3_ac_full.tiff,file:/Users/nils/Github/TestData/datasets/210308_ImcTestData/analysis/cpout/probabilities/20210305_NE_mockData3_s0_a3_ac_ilastik_s2_Probabilities_s1.tiff,file:/Users/nils/Github/TestData/datasets/210308_ImcTestData/analysis/cpout/masks/20210305_NE_mockData3_s0_a3_ac_ilastik_s2_Probabilities_mask.tiff,79,79,79
-2,-2,-1,7.0,0.0,0.0,0.5700000000000074,0.0,0.030000000000001137,0.04000000000000625,0.46000000000000796,0.29000000000000625,0.04999999999999716,0.04000000000000625,0.030000000000001137,20210305_NE_mockData4_s0_a1_ac_full.tiff,20210305_NE_mockData4_s0_a1_ac_ilastik_s2_Probabilities_s1.tiff,20210305_NE_mockData4_s0_a1_ac_ilastik_s2_Probabilities_mask.tiff,0,0,0,10,1,29,29,29,10,b'eLuj8Hzisxltmw6uzG0y2jYdHnFMuG1KTF062jgdOjGOu3FKTEyDdJMT1/pYYgNHaxW1zUulVKEACsjigsTkVHJNA8YKcssbaraNPrKgDaQ9rmtkow9tmeuj+gYogMPXoLrIDgD+eUch',0.0,0.0,0.0,0.0,0.0,3.0518044e-05,0.055130847,0.0,3.0518044e-05,3.0518044e-05,0.0,3.0518044e-05,0.0,0.011047532,0.42307162,0.0002746624,0.0035858701,0.0011749447,3.0518044e-05,0.0007782101,6.103609e-05,0.99842834,0.9999695,1.0,0.00021944427725129528,0.0001233349879974215,8.869776272861829e-07,6.709459967213899e-05,3.307374203440004e-06,0.1646909065434498,0.5189050232835591,0.31639139710975983,3.0518044e-05,3.0518044e-05,0.0,3.0518044e-05,0.0,0.011047532,0.55149156,0.0002746624,0.0,0.0,0.0,0.0,0.0,0.0,0.0,0.0,0.09852216748768473,0.09852216748768473,0.2955665024630542,0.09852216748768473,0.09852216748768473,0.09852216748768473,0.49261083743842365,5.320197044334975,0.00046045863,0.00019219067,3.7581992e-06,8.8697016e-05,8.132564e-06,0.29614246,0.40508947,0.42373198,1015,1015,1015,1015,1015,1015,1015,1015,0.22273594,0.12518501,0.0009002823,0.06810102,0.0033569848,167.16127,526.6886,321.13727,0.00022888533,0.00018310826,0.0,0.00010681315,0.0,0.15465018,0.9553674,0.8434272,9696b0dcbd1ecf67e54773a08540aec2,82cf898aa847c15964145ce618bdbd43,4066b61b394949de56b3b7e159081994,0,nan,0,0,1.0,1.0,200.0,5.0,1,20210305_NE_mockData4,ROI_001,2021-03-05T15:56:24.0316666+01:00,False,False,True,35,29,XRaster,mcd,Global,32166.505,12858.132,32131000.0,12886000.0,Float,Dual,0,0,/Users/nils/Github/ImcSegmentationPipeline/scripts/../../TestData/datasets/210308_ImcTestData/raw/20210305_NE_mockData4/20210305_NE_mockData4.mcd,2021-03-05T15:56:00.8820664+01:00,mock_panel,0,0,0,0,0,0,0,0,0,0,0,/Users/nils/Github/TestData/datasets/210308_ImcTestData/analysis/cpout/images,/Users/nils/Github/TestData/datasets/210308_ImcTestData/analysis/cpout/probabilities,/Users/nils/Github/TestData/datasets/210308_ImcTestData/analysis/cpout/masks,Done,65535,65535,65535,0,0,0,file:/Users/nils/Github/TestData/datasets/210308_ImcTestData/analysis/cpout/images/20210305_NE_mockData4_s0_a1_ac_full.tiff,file:/Users/nils/Github/TestData/datasets/210308_ImcTestData/analysis/cpout/probabilities/20210305_NE_mockData4_s0_a1_ac_ilastik_s2_Probabilities_s1.tiff,file:/Users/nils/Github/TestData/datasets/210308_ImcTestData/analysis/cpout/masks/20210305_NE_mockData4_s0_a1_ac_ilastik_s2_Probabilities_mask.tiff,35,35,35
-2,-2,-1,13.0,0.0,0.0,0.5799999999999983,0.0,0.03999999999999204,0.060000000000002274,0.46999999999999886,0.25,0.060000000000002274,0.04999999999999716,0.030000000000001137,20210305_NE_mockData4_s0_a2_ac_full.tiff,20210305_NE_mockData4_s0_a2_ac_ilastik_s2_Probabilities_s1.tiff,20210305_NE_mockData4_s0_a2_ac_ilastik_s2_Probabilities_mask.tiff,0,0,0,11,1,45,45,45,11,b'eLuj8Hzisxltmw6uzA0pYI1G26ZDPY4Jt02Ronq0cTqsG6fExDRINzlxrY8lNnC0VlHbvFRKFQqggCwuSExOJdc0YKwgt7yhZtvoIwvaQNrjukY2+tCWuT6qb4ACOHwNqovsAAi7RyQ=',0.0,0.0,0.0,0.0,0.0,0.0,0.017044328,0.0,1.5259022e-05,3.0518044e-05,0.0,1.5259022e-05,0.0,0.009124896,0.44824904,0.012039368,0.0037994965,0.0016479744,3.0518044e-05,0.0004272526,4.5777066e-05,0.9994354,1.0,1.0,0.0002889681162324342,0.0001313619393722566,7.869432674451444e-07,4.204708450245407e-05,2.4120130066601736e-06,0.12535180305784854,0.48860968823702833,0.3860270182291667,1.5259022e-05,3.0518044e-05,0.0,1.5259022e-05,0.0,0.009124896,0.5228199,0.012039368,0.0,0.0,0.0,0.0,0.0,0.0,0.0,0.0,0.041928721174004195,0.041928721174004195,0.4192872117400419,0.041928721174004195,0.20964360587002095,0.041928721174004195,0.8385744234800838,15.974842767295597,0.00057820295,0.0002147903,3.6525637e-06,5.78706e-05,6.5496192e-06,0.25633234,0.41562295,0.44954875,2385,2385,2385,2385,2385,2385,2385,2385,0.68918896,0.31329823,0.0018768597,0.1002823,0.005752651,298.96405,1165.3341,920.67444,0.00024414435,0.00015259022,0.0,6.103609e-05,0.0,0.078446634,0.9387808,0.9799954,8cea22646a23b9772b80c3cc1260da09,bea4436857e5519292b22a5b823f692b,20c33557901624b29613054bfca35abc,1,nan,0,0,1.0,1.0,200.0,5.0,2,20210305_NE_mockData4,ROI_002,2021-03-05T15:57:11.5494778+01:00,False,False,True,53,45,XRaster,mcd,Global,32506.498,13150.207,32453000.0,13194000.0,Float,Dual,0,0,/Users/nils/Github/ImcSegmentationPipeline/scripts/../../TestData/datasets/210308_ImcTestData/raw/20210305_NE_mockData4/20210305_NE_mockData4.mcd,2021-03-05T15:56:37.4308578+01:00,mock_panel,0,0,0,0,0,0,0,0,0,0,0,/Users/nils/Github/TestData/datasets/210308_ImcTestData/analysis/cpout/images,/Users/nils/Github/TestData/datasets/210308_ImcTestData/analysis/cpout/probabilities,/Users/nils/Github/TestData/datasets/210308_ImcTestData/analysis/cpout/masks,Done,65535,65535,65535,0,0,0,file:/Users/nils/Github/TestData/datasets/210308_ImcTestData/analysis/cpout/images/20210305_NE_mockData4_s0_a2_ac_full.tiff,file:/Users/nils/Github/TestData/datasets/210308_ImcTestData/analysis/cpout/probabilities/20210305_NE_mockData4_s0_a2_ac_ilastik_s2_Probabilities_s1.tiff,file:/Users/nils/Github/TestData/datasets/210308_ImcTestData/analysis/cpout/masks/20210305_NE_mockData4_s0_a2_ac_ilastik_s2_Probabilities_mask.tiff,53,53,53
-2,-2,-1,24.0,0.0,0.0,0.5499999999999972,0.0,0.01999999999999602,0.07000000000000739,0.46999999999999886,0.2600000000000051,0.06999999999999318,0.04999999999999716,0.030000000000001137,20210305_NE_mockData4_s0_a3_ac_full.tiff,20210305_NE_mockData4_s0_a3_ac_ilastik_s2_Probabilities_s1.tiff,20210305_NE_mockData4_s0_a3_ac_ilastik_s2_Probabilities_mask.tiff,0,0,0,12,1,54,54,54,12,b'eLuj8Hzisxltmw6uzA0pYI1H26ZDPY4Jt02Ronq0cTqsG6fExDRINzlxrY8lNnC0VlHbvFRKFQqggCwuSExOJdc0YKwgt7yhZtvoIwvaQNrjukY2+tCWuT6qb4ACOHwNqovsABLuRyc=',0.0,0.0,0.0,0.0,0.0,0.0,0.00053406577,0.0005035477,1.5259022e-05,0.0,0.0,0.0,0.0,0.0034103915,0.14573891,0.34294653,0.0030975814,0.001358053,4.5777066e-05,0.00073243305,7.629511e-05,0.99998474,1.0,1.0,0.000240374386795168,7.90278103401129e-05,7.133282592323253e-07,4.059768196905424e-05,1.5334834032561612e-06,0.11130927550221954,0.3683187731128613,0.520361041419659,1.5259022e-05,0.0,0.0,0.0,0.0,0.0034103915,0.14573891,0.6570535,0.0,0.0,0.0,0.0,0.0,0.0,0.0,0.0,0.022583559168925023,0.022583559168925023,0.045167118337850046,0.022583559168925023,0.022583559168925023,0.022583559168925023,0.15808491418247517,19.51219512195122,0.00043501478,0.00016280085,3.4268082e-06,7.055402e-05,5.683367e-06,0.2505732,0.4027505,0.4610058,4428,4428,4428,4428,4428,4428,4428,4428,1.0643778,0.34993514,0.0031586175,0.17976654,0.0067902645,492.87747,1630.9155,2304.1587,0.00028992142,7.629511e-05,0.0,6.103609e-05,0.0,0.042343784,0.8382086,0.9970245,c6ae6a3488043cd61e26030b1028fb00,2367af9e7591c261e55262afabd3fba6,ba6081c4e90e14449839c5b1e1637580,2,nan,0,0,1.0,1.0,200.0,5.0,3,20210305_NE_mockData4,ROI_003,2021-03-05T15:58:08.906408+01:00,False,False,True,82,54,XRaster,mcd,Global,32455.503,13030.241,32373000.0,13083000.0,Float,Dual,0,0,/Users/nils/Github/ImcSegmentationPipeline/scripts/../../TestData/datasets/210308_ImcTestData/raw/20210305_NE_mockData4/20210305_NE_mockData4.mcd,2021-03-05T15:57:20.7479009+01:00,mock_panel,0,0,0,0,0,0,0,0,0,0,0,/Users/nils/Github/TestData/datasets/210308_ImcTestData/analysis/cpout/images,/Users/nils/Github/TestData/datasets/210308_ImcTestData/analysis/cpout/probabilities,/Users/nils/Github/TestData/datasets/210308_ImcTestData/analysis/cpout/masks,Done,65535,65535,65535,0,0,0,file:/Users/nils/Github/TestData/datasets/210308_ImcTestData/analysis/cpout/images/20210305_NE_mockData4_s0_a3_ac_full.tiff,file:/Users/nils/Github/TestData/datasets/210308_ImcTestData/analysis/cpout/probabilities/20210305_NE_mockData4_s0_a3_ac_ilastik_s2_Probabilities_s1.tiff,file:/Users/nils/Github/TestData/datasets/210308_ImcTestData/analysis/cpout/masks/20210305_NE_mockData4_s0_a3_ac_ilastik_s2_Probabilities_mask.tiff,82,82,82
-2,-2,-1,12.0,0.0,0.0,0.4300000000000068,0.0,0.030000000000001137,0.05000000000001137,0.21999999999999886,0.1700000000000017,0.04999999999999716,0.03999999999999204,0.01999999999999602,20210305_NE_mockData5_s0_a1_ac_full.tiff,20210305_NE_mockData5_s0_a1_ac_ilastik_s2_Probabilities_s1.tiff,20210305_NE_mockData5_s0_a1_ac_ilastik_s2_Probabilities_mask.tiff,0,0,0,13,1,49,49,49,13,b'eLuj8Hzisxltmw7azD3aNh3KcUy4bUpM/hxtnA6dGMfdOCUmpkG6yYlrfSyxgaO1itrmpVKqUAAFZHFBYnIquaYBYwW55Q0120YfWdAG0h7XNbLRh7bM9VF9AxTA4WtQXWQHAAjNRyQ=',0.0,0.0,0.0,0.0,0.0,0.0,0.0,0.002761883,0.0,0.0,0.0,0.0,0.0,0.0,0.009719997,0.014999628,0.0019836728,0.0014801251,3.0518044e-05,0.0009765774,6.103609e-05,0.99916077,1.0,1.0,9.019922823876921e-06,4.447679706598071e-05,6.93840236458734e-07,3.2861803408553426e-05,2.032350928839756e-06,0.06765811536374418,0.28127762206856427,0.6510568325808942,0.0,0.0,0.0,0.0,0.0,0.0,0.009719997,0.9850004,0.0,0.0,0.0,0.0,0.0,0.0,0.0,0.0,0.03580379520229144,0.03580379520229144,0.14321518080916576,0.03580379520229144,0.03580379520229144,0.03580379520229144,0.4296455424274973,38.31006086645184,7.35615e-05,0.00012371235,3.2821986e-06,6.877287e-05,6.446195e-06,0.1959879,0.39931905,0.4548076,2793,2793,2793,2793,2793,2793,2793,2793,0.025192644,0.124223694,0.0019378958,0.09178302,0.005676356,188.96912,785.6084,1818.4017,0.0,3.0518044e-05,0.0,3.0518044e-05,0.0,0.00999466,0.6851911,1.0,2716f1f086c4b3e84c6804b0ef8342aa,68d7878c3c92995e67296b629e3cd618,ab0d64db386bbcfcb47a2d49eae71fb4,0,nan,0,0,1.0,1.0,200.0,5.0,1,20210305_NE_mockData5,ROI_001,2021-03-05T16:56:47.9934871+01:00,False,False,True,57,49,XRaster,mcd,Global,34547.504,12387.226,34490000.0,12435000.0,Float,Dual,0,0,/Users/nils/Github/ImcSegmentationPipeline/scripts/../../TestData/datasets/210308_ImcTestData/raw/20210305_NE_mockData5/20210305_NE_mockData5.mcd,2021-03-05T16:56:10.4179782+01:00,mock_panel,0,0,0,0,0,0,0,0,0,0,0,/Users/nils/Github/TestData/datasets/210308_ImcTestData/analysis/cpout/images,/Users/nils/Github/TestData/datasets/210308_ImcTestData/analysis/cpout/probabilities,/Users/nils/Github/TestData/datasets/210308_ImcTestData/analysis/cpout/masks,Done,65535,65535,65535,0,0,0,file:/Users/nils/Github/TestData/datasets/210308_ImcTestData/analysis/cpout/images/20210305_NE_mockData5_s0_a1_ac_full.tiff,file:/Users/nils/Github/TestData/datasets/210308_ImcTestData/analysis/cpout/probabilities/20210305_NE_mockData5_s0_a1_ac_ilastik_s2_Probabilities_s1.tiff,file:/Users/nils/Github/TestData/datasets/210308_ImcTestData/analysis/cpout/masks/20210305_NE_mockData5_s0_a1_ac_ilastik_s2_Probabilities_mask.tiff,57,57,57
-2,-2,-1,28.0,0.0,0.0,0.37999999999999545,0.0,0.030000000000001137,0.0799999999999983,0.37999999999999545,0.10999999999999943,0.060000000000002274,0.060000000000002274,0.030000000000001137,20210305_NE_mockData5_s0_a2_ac_full.tiff,20210305_NE_mockData5_s0_a2_ac_ilastik_s2_Probabilities_s1.tiff,20210305_NE_mockData5_s0_a2_ac_ilastik_s2_Probabilities_mask.tiff,0,0,0,14,1,69,69,69,14,b'eLuj8Hzisxltmw7GzG002jYd6nFMuG2KFNWjjdNh3TglJqZBusmJa30ssYGjtYra5qVSqlAABWRxQWJyKrmmAWMFueUNNdtGH1nQBtIe1zWy0Ye2zPVRfQMUwOFrUF1kBwATAEcn',0.0,0.0,0.0,0.0,0.0,0.0,0.0,0.0,0.0,0.0,0.0,0.0,0.0,0.004791333,0.05397116,0.13420308,0.003494316,0.0009613184,3.0518044e-05,0.0010528725,0.00010681315,0.99993896,1.0,1.0,0.00011713563866457019,4.823344025411988e-05,6.991043223600178e-07,4.654989001794416e-05,3.093655630586228e-06,0.08579182219835983,0.37671811539416783,0.5374807792046518,0.0,0.0,0.0,0.0,0.0,0.004791333,0.05397116,0.8657969,0.0,0.0,0.0,0.0,0.0,0.0,0.0,0.0,0.015583606046439146,0.015583606046439146,0.2805049088359046,0.015583606046439146,0.015583606046439146,0.015583606046439146,0.5454262116253701,26.009038491506935,0.00033992896,9.685157e-05,3.388974e-06,7.783835e-05,8.760717e-06,0.21410532,0.42811713,0.47594315,6417,6417,6417,6417,6417,6417,6417,6417,0.7516594,0.309514,0.0044861524,0.29871064,0.019851988,550.5261,2417.4001,3449.0142,3.0518044e-05,6.103609e-05,0.0,7.629511e-05,0.0,0.022751201,0.91120774,1.0,991bbb7230fab3da103e59d773cf12e6,d2a167fefd707d55ff2e897cc4fe1ddf,0f3ef025d13c71b506f5828ed5e1c3ba,1,nan,0,0,1.0,1.0,200.0,5.0,2,20210305_NE_mockData5,ROI_002,2021-03-05T16:57:59.3498231+01:00,False,False,True,93,69,XRaster,mcd,Global,34308.503,12241.307,34215000.0,12309000.0,Float,Dual,0,0,/Users/nils/Github/ImcSegmentationPipeline/scripts/../../TestData/datasets/210308_ImcTestData/raw/20210305_NE_mockData5/20210305_NE_mockData5.mcd,2021-03-05T16:56:57.1384849+01:00,mock_panel,0,0,0,0,0,0,0,0,0,0,0,/Users/nils/Github/TestData/datasets/210308_ImcTestData/analysis/cpout/images,/Users/nils/Github/TestData/datasets/210308_ImcTestData/analysis/cpout/probabilities,/Users/nils/Github/TestData/datasets/210308_ImcTestData/analysis/cpout/masks,Done,65535,65535,65535,0,0,0,file:/Users/nils/Github/TestData/datasets/210308_ImcTestData/analysis/cpout/images/20210305_NE_mockData5_s0_a2_ac_full.tiff,file:/Users/nils/Github/TestData/datasets/210308_ImcTestData/analysis/cpout/probabilities/20210305_NE_mockData5_s0_a2_ac_ilastik_s2_Probabilities_s1.tiff,file:/Users/nils/Github/TestData/datasets/210308_ImcTestData/analysis/cpout/masks/20210305_NE_mockData5_s0_a2_ac_ilastik_s2_Probabilities_mask.tiff,93,93,93
-2,-2,-1,30.0,0.0,0.0,0.3299999999999983,0.0,0.030000000000001137,0.06999999999999318,0.2600000000000051,0.11999999999999034,0.07000000000000739,0.060000000000002274,0.030000000000001137,20210305_NE_mockData5_s0_a3_ac_full.tiff,20210305_NE_mockData5_s0_a3_ac_ilastik_s2_Probabilities_s1.tiff,20210305_NE_mockData5_s0_a3_ac_ilastik_s2_Probabilities_mask.tiff,0,0,0,15,1,81,81,81,15,b'eLuj8Hzisxltmw7GzG082jYd6nFMuG2KFNWjjdNh3TglJqZBusmJa30ssYGjtYra5qVSqlAABWRxQWJyKrmmAWMFueUNNdtGH1nQBtIe1zWy0Ye2zPVRfQMUwOFrUF1kBwAdM0cq',0.0,0.0,0.0,0.0,0.0,0.0,3.0518044e-05,0.0016937514,0.0,0.0,0.0,0.0,0.0,0.004943923,0.011993592,0.02000457,0.0002746624,0.0023651484,4.5777066e-05,0.00059510185,9.155413e-05,0.99993896,1.0,1.0,3.2314929867062472e-06,5.699723874062215e-05,7.907945140660529e-07,2.877084504731587e-05,2.059792025031689e-06,0.07959689868869556,0.31916959993131866,0.601223465481278,0.0,0.0,0.0,0.0,0.0,0.004943923,0.011993592,0.9799954,0.0,0.0,0.0,0.0,0.0,0.0,0.0,0.0,0.0135666802333469,0.0271333604666938,0.0271333604666938,0.0135666802333469,0.0135666802333469,0.0135666802333469,0.3798670465337132,23.131189797856464,1.2298709e-05,0.0001535326,3.651944e-06,5.351961e-05,6.7319675e-06,0.2126626,0.41000223,0.46276653,7371,7371,7371,7371,7371,7371,7371,7371,0.023819335,0.42012665,0.0058289464,0.2120699,0.015182727,586.70874,2352.599,4431.618,0.0,3.0518044e-05,0.0,4.5777066e-05,0.0,0.013229572,0.8124819,0.999527,0469fa7afc500d4e79d751b7c44d9689,cc33d956173de06f0fc649a24e28a6ea,15feef70f114be9446d59b9d9b3dec30,2,nan,0,0,1.0,1.0,200.0,5.0,3,20210305_NE_mockData5,ROI_003,2021-03-05T16:59:18.4844824+01:00,False,False,True,91,81,XRaster,mcd,Global,35390.489,12763.37,35299000.0,12843000.0,Float,Dual,0,0,/Users/nils/Github/ImcSegmentationPipeline/scripts/../../TestData/datasets/210308_ImcTestData/raw/20210305_NE_mockData5/20210305_NE_mockData5.mcd,2021-03-05T16:58:08.5026526+01:00,mock_panel,0,0,0,0,0,0,0,0,0,0,0,/Users/nils/Github/TestData/datasets/210308_ImcTestData/analysis/cpout/images,/Users/nils/Github/TestData/datasets/210308_ImcTestData/analysis/cpout/probabilities,/Users/nils/Github/TestData/datasets/210308_ImcTestData/analysis/cpout/masks,Done,65535,65535,65535,0,0,0,file:/Users/nils/Github/TestData/datasets/210308_ImcTestData/analysis/cpout/images/20210305_NE_mockData5_s0_a3_ac_full.tiff,file:/Users/nils/Github/TestData/datasets/210308_ImcTestData/analysis/cpout/probabilities/20210305_NE_mockData5_s0_a3_ac_ilastik_s2_Probabilities_s1.tiff,file:/Users/nils/Github/TestData/datasets/210308_ImcTestData/analysis/cpout/masks/20210305_NE_mockData5_s0_a3_ac_ilastik_s2_Probabilities_mask.tiff,91,91,91
