Module,Module Number,Relationship,First Object Name,First Image Number,First Object Number,Second Object Name,Second Image Number,Second Object Number
MeasureObjectNeighbors,6,Neighbors,cell,1,1,cell,1,2
MeasureObjectNeighbors,6,Neighbors,cell,1,1,cell,1,4
MeasureObjectNeighbors,6,Neighbors,cell,1,2,cell,1,1
MeasureObjectNeighbors,6,Neighbors,cell,1,2,cell,1,4
MeasureObjectNeighbors,6,Neighbors,cell,1,3,cell,1,5
MeasureObjectNeighbors,6,Neighbors,cell,1,4,cell,1,1
MeasureObjectNeighbors,6,Neighbors,cell,1,4,cell,1,2
MeasureObjectNeighbors,6,Neighbors,cell,1,5,cell,1,3
MeasureObjectNeighbors,6,Neighbors,cell,1,5,cell,1,6
MeasureObjectNeighbors,6,Neighbors,cell,1,5,cell,1,7
MeasureObjectNeighbors,6,Neighbors,cell,1,6,cell,1,5
MeasureObjectNeighbors,6,Neighbors,cell,1,6,cell,1,7
MeasureObjectNeighbors,6,Neighbors,cell,1,7,cell,1,5
MeasureObjectNeighbors,6,Neighbors,cell,1,7,cell,1,6
MeasureObjectNeighbors,6,Neighbors,cell,1,7,cell,1,8
MeasureObjectNeighbors,6,Neighbors,cell,1,7,cell,1,9
MeasureObjectNeighbors,6,Neighbors,cell,1,8,cell,1,7
MeasureObjectNeighbors,6,Neighbors,cell,1,8,cell,1,9
MeasureObjectNeighbors,6,Neighbors,cell,1,9,cell,1,7
MeasureObjectNeighbors,6,Neighbors,cell,1,9,cell,1,8
MeasureObjectNeighbors,6,Neighbors,cell,5,1,cell,5,2
MeasureObjectNeighbors,6,Neighbors,cell,5,1,cell,5,4
MeasureObjectNeighbors,6,Neighbors,cell,5,2,cell,5,1
MeasureObjectNeighbors,6,Neighbors,cell,5,2,cell,5,3
MeasureObjectNeighbors,6,Neighbors,cell,5,2,cell,5,4
MeasureObjectNeighbors,6,Neighbors,cell,5,2,cell,5,5
MeasureObjectNeighbors,6,Neighbors,cell,5,3,cell,5,2
MeasureObjectNeighbors,6,Neighbors,cell,5,3,cell,5,4
MeasureObjectNeighbors,6,Neighbors,cell,5,3,cell,5,5
MeasureObjectNeighbors,6,Neighbors,cell,5,3,cell,5,7
MeasureObjectNeighbors,6,Neighbors,cell,5,3,cell,5,8
MeasureObjectNeighbors,6,Neighbors,cell,5,3,cell,5,9
MeasureObjectNeighbors,6,Neighbors,cell,5,4,cell,5,1
MeasureObjectNeighbors,6,Neighbors,cell,5,4,cell,5,2
MeasureObjectNeighbors,6,Neighbors,cell,5,4,cell,5,3
MeasureObjectNeighbors,6,Neighbors,cell,5,4,cell,5,8
MeasureObjectNeighbors,6,Neighbors,cell,5,5,cell,5,2
MeasureObjectNeighbors,6,Neighbors,cell,5,5,cell,5,3
MeasureObjectNeighbors,6,Neighbors,cell,5,5,cell,5,7
MeasureObjectNeighbors,6,Neighbors,cell,5,5,cell,5,9
MeasureObjectNeighbors,6,Neighbors,cell,5,6,cell,5,8
MeasureObjectNeighbors,6,Neighbors,cell,5,6,cell,5,10
MeasureObjectNeighbors,6,Neighbors,cell,5,7,cell,5,3
MeasureObjectNeighbors,6,Neighbors,cell,5,7,cell,5,5
MeasureObjectNeighbors,6,Neighbors,cell,5,7,cell,5,9
MeasureObjectNeighbors,6,Neighbors,cell,5,8,cell,5,3
MeasureObjectNeighbors,6,Neighbors,cell,5,8,cell,5,4
MeasureObjectNeighbors,6,Neighbors,cell,5,8,cell,5,6
MeasureObjectNeighbors,6,Neighbors,cell,5,8,cell,5,9
MeasureObjectNeighbors,6,Neighbors,cell,5,8,cell,5,10
MeasureObjectNeighbors,6,Neighbors,cell,5,8,cell,5,11
MeasureObjectNeighbors,6,Neighbors,cell,5,9,cell,5,3
MeasureObjectNeighbors,6,Neighbors,cell,5,9,cell,5,5
MeasureObjectNeighbors,6,Neighbors,cell,5,9,cell,5,7
MeasureObjectNeighbors,6,Neighbors,cell,5,9,cell,5,8
MeasureObjectNeighbors,6,Neighbors,cell,5,10,cell,5,6
MeasureObjectNeighbors,6,Neighbors,cell,5,10,cell,5,8
MeasureObjectNeighbors,6,Neighbors,cell,5,10,cell,5,11
MeasureObjectNeighbors,6,Neighbors,cell,5,11,cell,5,8
MeasureObjectNeighbors,6,Neighbors,cell,5,11,cell,5,10
MeasureObjectNeighbors,6,Neighbors,cell,3,1,cell,3,2
MeasureObjectNeighbors,6,Neighbors,cell,3,1,cell,3,3
MeasureObjectNeighbors,6,Neighbors,cell,3,1,cell,3,4
MeasureObjectNeighbors,6,Neighbors,cell,3,1,cell,3,6
MeasureObjectNeighbors,6,Neighbors,cell,3,2,cell,3,1
MeasureObjectNeighbors,6,Neighbors,cell,3,2,cell,3,3
MeasureObjectNeighbors,6,Neighbors,cell,3,2,cell,3,4
MeasureObjectNeighbors,6,Neighbors,cell,3,2,cell,3,5
MeasureObjectNeighbors,6,Neighbors,cell,3,2,cell,3,6
MeasureObjectNeighbors,6,Neighbors,cell,3,2,cell,3,9
MeasureObjectNeighbors,6,Neighbors,cell,3,2,cell,3,11
MeasureObjectNeighbors,6,Neighbors,cell,3,3,cell,3,1
MeasureObjectNeighbors,6,Neighbors,cell,3,3,cell,3,2
MeasureObjectNeighbors,6,Neighbors,cell,3,3,cell,3,4
MeasureObjectNeighbors,6,Neighbors,cell,3,3,cell,3,5
MeasureObjectNeighbors,6,Neighbors,cell,3,3,cell,3,7
MeasureObjectNeighbors,6,Neighbors,cell,3,3,cell,3,9
MeasureObjectNeighbors,6,Neighbors,cell,3,3,cell,3,11
MeasureObjectNeighbors,6,Neighbors,cell,3,4,cell,3,1
MeasureObjectNeighbors,6,Neighbors,cell,3,4,cell,3,2
MeasureObjectNeighbors,6,Neighbors,cell,3,4,cell,3,3
MeasureObjectNeighbors,6,Neighbors,cell,3,4,cell,3,5
MeasureObjectNeighbors,6,Neighbors,cell,3,4,cell,3,6
MeasureObjectNeighbors,6,Neighbors,cell,3,4,cell,3,8
MeasureObjectNeighbors,6,Neighbors,cell,3,4,cell,3,9
MeasureObjectNeighbors,6,Neighbors,cell,3,4,cell,3,11
MeasureObjectNeighbors,6,Neighbors,cell,3,5,cell,3,2
MeasureObjectNeighbors,6,Neighbors,cell,3,5,cell,3,3
MeasureObjectNeighbors,6,Neighbors,cell,3,5,cell,3,4
MeasureObjectNeighbors,6,Neighbors,cell,3,5,cell,3,7
MeasureObjectNeighbors,6,Neighbors,cell,3,5,cell,3,9
MeasureObjectNeighbors,6,Neighbors,cell,3,5,cell,3,11
MeasureObjectNeighbors,6,Neighbors,cell,3,5,cell,3,12
MeasureObjectNeighbors,6,Neighbors,cell,3,6,cell,3,1
MeasureObjectNeighbors,6,Neighbors,cell,3,6,cell,3,2
MeasureObjectNeighbors,6,Neighbors,cell,3,6,cell,3,4
MeasureObjectNeighbors,6,Neighbors,cell,3,6,cell,3,8
MeasureObjectNeighbors,6,Neighbors,cell,3,6,cell,3,9
MeasureObjectNeighbors,6,Neighbors,cell,3,6,cell,3,10
MeasureObjectNeighbors,6,Neighbors,cell,3,7,cell,3,3
MeasureObjectNeighbors,6,Neighbors,cell,3,7,cell,3,5
MeasureObjectNeighbors,6,Neighbors,cell,3,7,cell,3,11
MeasureObjectNeighbors,6,Neighbors,cell,3,7,cell,3,12
MeasureObjectNeighbors,6,Neighbors,cell,3,7,cell,3,15
MeasureObjectNeighbors,6,Neighbors,cell,3,8,cell,3,4
MeasureObjectNeighbors,6,Neighbors,cell,3,8,cell,3,6
MeasureObjectNeighbors,6,Neighbors,cell,3,8,cell,3,9
MeasureObjectNeighbors,6,Neighbors,cell,3,8,cell,3,10
MeasureObjectNeighbors,6,Neighbors,cell,3,8,cell,3,13
MeasureObjectNeighbors,6,Neighbors,cell,3,9,cell,3,2
MeasureObjectNeighbors,6,Neighbors,cell,3,9,cell,3,3
MeasureObjectNeighbors,6,Neighbors,cell,3,9,cell,3,4
MeasureObjectNeighbors,6,Neighbors,cell,3,9,cell,3,5
MeasureObjectNeighbors,6,Neighbors,cell,3,9,cell,3,6
MeasureObjectNeighbors,6,Neighbors,cell,3,9,cell,3,8
MeasureObjectNeighbors,6,Neighbors,cell,3,9,cell,3,10
MeasureObjectNeighbors,6,Neighbors,cell,3,9,cell,3,11
MeasureObjectNeighbors,6,Neighbors,cell,3,9,cell,3,13
MeasureObjectNeighbors,6,Neighbors,cell,3,10,cell,3,6
MeasureObjectNeighbors,6,Neighbors,cell,3,10,cell,3,8
MeasureObjectNeighbors,6,Neighbors,cell,3,10,cell,3,9
MeasureObjectNeighbors,6,Neighbors,cell,3,10,cell,3,11
MeasureObjectNeighbors,6,Neighbors,cell,3,10,cell,3,13
MeasureObjectNeighbors,6,Neighbors,cell,3,10,cell,3,14
MeasureObjectNeighbors,6,Neighbors,cell,3,11,cell,3,2
MeasureObjectNeighbors,6,Neighbors,cell,3,11,cell,3,3
MeasureObjectNeighbors,6,Neighbors,cell,3,11,cell,3,4
MeasureObjectNeighbors,6,Neighbors,cell,3,11,cell,3,5
MeasureObjectNeighbors,6,Neighbors,cell,3,11,cell,3,7
MeasureObjectNeighbors,6,Neighbors,cell,3,11,cell,3,9
MeasureObjectNeighbors,6,Neighbors,cell,3,11,cell,3,10
MeasureObjectNeighbors,6,Neighbors,cell,3,11,cell,3,12
MeasureObjectNeighbors,6,Neighbors,cell,3,11,cell,3,13
MeasureObjectNeighbors,6,Neighbors,cell,3,11,cell,3,14
MeasureObjectNeighbors,6,Neighbors,cell,3,11,cell,3,15
MeasureObjectNeighbors,6,Neighbors,cell,3,11,cell,3,16
MeasureObjectNeighbors,6,Neighbors,cell,3,12,cell,3,5
MeasureObjectNeighbors,6,Neighbors,cell,3,12,cell,3,7
MeasureObjectNeighbors,6,Neighbors,cell,3,12,cell,3,11
MeasureObjectNeighbors,6,Neighbors,cell,3,12,cell,3,14
MeasureObjectNeighbors,6,Neighbors,cell,3,12,cell,3,15
MeasureObjectNeighbors,6,Neighbors,cell,3,12,cell,3,16
MeasureObjectNeighbors,6,Neighbors,cell,3,13,cell,3,8
MeasureObjectNeighbors,6,Neighbors,cell,3,13,cell,3,9
MeasureObjectNeighbors,6,Neighbors,cell,3,13,cell,3,10
MeasureObjectNeighbors,6,Neighbors,cell,3,13,cell,3,11
MeasureObjectNeighbors,6,Neighbors,cell,3,13,cell,3,14
MeasureObjectNeighbors,6,Neighbors,cell,3,14,cell,3,10
MeasureObjectNeighbors,6,Neighbors,cell,3,14,cell,3,11
MeasureObjectNeighbors,6,Neighbors,cell,3,14,cell,3,12
MeasureObjectNeighbors,6,Neighbors,cell,3,14,cell,3,13
MeasureObjectNeighbors,6,Neighbors,cell,3,14,cell,3,15
MeasureObjectNeighbors,6,Neighbors,cell,3,14,cell,3,16
MeasureObjectNeighbors,6,Neighbors,cell,3,15,cell,3,7
MeasureObjectNeighbors,6,Neighbors,cell,3,15,cell,3,11
MeasureObjectNeighbors,6,Neighbors,cell,3,15,cell,3,12
MeasureObjectNeighbors,6,Neighbors,cell,3,15,cell,3,14
MeasureObjectNeighbors,6,Neighbors,cell,3,15,cell,3,16
MeasureObjectNeighbors,6,Neighbors,cell,3,16,cell,3,11
MeasureObjectNeighbors,6,Neighbors,cell,3,16,cell,3,12
MeasureObjectNeighbors,6,Neighbors,cell,3,16,cell,3,14
MeasureObjectNeighbors,6,Neighbors,cell,3,16,cell,3,15
MeasureObjectNeighbors,6,Neighbors,cell,2,1,cell,2,3
MeasureObjectNeighbors,6,Neighbors,cell,2,1,cell,2,4
MeasureObjectNeighbors,6,Neighbors,cell,2,1,cell,2,6
MeasureObjectNeighbors,6,Neighbors,cell,2,1,cell,2,8
MeasureObjectNeighbors,6,Neighbors,cell,2,1,cell,2,9
MeasureObjectNeighbors,6,Neighbors,cell,2,1,cell,2,10
MeasureObjectNeighbors,6,Neighbors,cell,2,2,cell,2,5
MeasureObjectNeighbors,6,Neighbors,cell,2,2,cell,2,7
MeasureObjectNeighbors,6,Neighbors,cell,2,2,cell,2,12
MeasureObjectNeighbors,6,Neighbors,cell,2,3,cell,2,1
MeasureObjectNeighbors,6,Neighbors,cell,2,3,cell,2,4
MeasureObjectNeighbors,6,Neighbors,cell,2,3,cell,2,5
MeasureObjectNeighbors,6,Neighbors,cell,2,3,cell,2,8
MeasureObjectNeighbors,6,Neighbors,cell,2,3,cell,2,9
MeasureObjectNeighbors,6,Neighbors,cell,2,4,cell,2,1
MeasureObjectNeighbors,6,Neighbors,cell,2,4,cell,2,3
MeasureObjectNeighbors,6,Neighbors,cell,2,4,cell,2,5
MeasureObjectNeighbors,6,Neighbors,cell,2,4,cell,2,6
MeasureObjectNeighbors,6,Neighbors,cell,2,4,cell,2,8
MeasureObjectNeighbors,6,Neighbors,cell,2,4,cell,2,9
MeasureObjectNeighbors,6,Neighbors,cell,2,4,cell,2,10
MeasureObjectNeighbors,6,Neighbors,cell,2,5,cell,2,2
MeasureObjectNeighbors,6,Neighbors,cell,2,5,cell,2,3
MeasureObjectNeighbors,6,Neighbors,cell,2,5,cell,2,4
MeasureObjectNeighbors,6,Neighbors,cell,2,5,cell,2,7
MeasureObjectNeighbors,6,Neighbors,cell,2,5,cell,2,8
MeasureObjectNeighbors,6,Neighbors,cell,2,5,cell,2,9
MeasureObjectNeighbors,6,Neighbors,cell,2,5,cell,2,10
MeasureObjectNeighbors,6,Neighbors,cell,2,5,cell,2,11
MeasureObjectNeighbors,6,Neighbors,cell,2,5,cell,2,12
MeasureObjectNeighbors,6,Neighbors,cell,2,5,cell,2,13
MeasureObjectNeighbors,6,Neighbors,cell,2,6,cell,2,1
MeasureObjectNeighbors,6,Neighbors,cell,2,6,cell,2,4
MeasureObjectNeighbors,6,Neighbors,cell,2,6,cell,2,8
MeasureObjectNeighbors,6,Neighbors,cell,2,6,cell,2,9
MeasureObjectNeighbors,6,Neighbors,cell,2,6,cell,2,10
MeasureObjectNeighbors,6,Neighbors,cell,2,7,cell,2,2
MeasureObjectNeighbors,6,Neighbors,cell,2,7,cell,2,5
MeasureObjectNeighbors,6,Neighbors,cell,2,7,cell,2,11
MeasureObjectNeighbors,6,Neighbors,cell,2,7,cell,2,12
MeasureObjectNeighbors,6,Neighbors,cell,2,7,cell,2,13
MeasureObjectNeighbors,6,Neighbors,cell,2,8,cell,2,1
MeasureObjectNeighbors,6,Neighbors,cell,2,8,cell,2,3
MeasureObjectNeighbors,6,Neighbors,cell,2,8,cell,2,4
MeasureObjectNeighbors,6,Neighbors,cell,2,8,cell,2,5
MeasureObjectNeighbors,6,Neighbors,cell,2,8,cell,2,6
MeasureObjectNeighbors,6,Neighbors,cell,2,8,cell,2,9
MeasureObjectNeighbors,6,Neighbors,cell,2,8,cell,2,10
MeasureObjectNeighbors,6,Neighbors,cell,2,8,cell,2,11
MeasureObjectNeighbors,6,Neighbors,cell,2,9,cell,2,1
MeasureObjectNeighbors,6,Neighbors,cell,2,9,cell,2,3
MeasureObjectNeighbors,6,Neighbors,cell,2,9,cell,2,4
MeasureObjectNeighbors,6,Neighbors,cell,2,9,cell,2,5
MeasureObjectNeighbors,6,Neighbors,cell,2,9,cell,2,6
MeasureObjectNeighbors,6,Neighbors,cell,2,9,cell,2,8
MeasureObjectNeighbors,6,Neighbors,cell,2,9,cell,2,10
MeasureObjectNeighbors,6,Neighbors,cell,2,9,cell,2,11
MeasureObjectNeighbors,6,Neighbors,cell,2,10,cell,2,1
MeasureObjectNeighbors,6,Neighbors,cell,2,10,cell,2,4
MeasureObjectNeighbors,6,Neighbors,cell,2,10,cell,2,5
MeasureObjectNeighbors,6,Neighbors,cell,2,10,cell,2,6
MeasureObjectNeighbors,6,Neighbors,cell,2,10,cell,2,8
MeasureObjectNeighbors,6,Neighbors,cell,2,10,cell,2,9
MeasureObjectNeighbors,6,Neighbors,cell,2,10,cell,2,11
MeasureObjectNeighbors,6,Neighbors,cell,2,10,cell,2,14
MeasureObjectNeighbors,6,Neighbors,cell,2,11,cell,2,5
MeasureObjectNeighbors,6,Neighbors,cell,2,11,cell,2,7
MeasureObjectNeighbors,6,Neighbors,cell,2,11,cell,2,8
MeasureObjectNeighbors,6,Neighbors,cell,2,11,cell,2,9
MeasureObjectNeighbors,6,Neighbors,cell,2,11,cell,2,10
MeasureObjectNeighbors,6,Neighbors,cell,2,11,cell,2,12
MeasureObjectNeighbors,6,Neighbors,cell,2,11,cell,2,13
MeasureObjectNeighbors,6,Neighbors,cell,2,11,cell,2,14
MeasureObjectNeighbors,6,Neighbors,cell,2,12,cell,2,2
MeasureObjectNeighbors,6,Neighbors,cell,2,12,cell,2,5
MeasureObjectNeighbors,6,Neighbors,cell,2,12,cell,2,7
MeasureObjectNeighbors,6,Neighbors,cell,2,12,cell,2,11
MeasureObjectNeighbors,6,Neighbors,cell,2,12,cell,2,13
MeasureObjectNeighbors,6,Neighbors,cell,2,12,cell,2,14
MeasureObjectNeighbors,6,Neighbors,cell,2,13,cell,2,5
MeasureObjectNeighbors,6,Neighbors,cell,2,13,cell,2,7
MeasureObjectNeighbors,6,Neighbors,cell,2,13,cell,2,11
MeasureObjectNeighbors,6,Neighbors,cell,2,13,cell,2,12
MeasureObjectNeighbors,6,Neighbors,cell,2,13,cell,2,14
MeasureObjectNeighbors,6,Neighbors,cell,2,14,cell,2,10
MeasureObjectNeighbors,6,Neighbors,cell,2,14,cell,2,11
MeasureObjectNeighbors,6,Neighbors,cell,2,14,cell,2,12
MeasureObjectNeighbors,6,Neighbors,cell,2,14,cell,2,13
MeasureObjectNeighbors,6,Neighbors,cell,4,1,cell,4,2
MeasureObjectNeighbors,6,Neighbors,cell,4,1,cell,4,3
MeasureObjectNeighbors,6,Neighbors,cell,4,1,cell,4,4
MeasureObjectNeighbors,6,Neighbors,cell,4,1,cell,4,5
MeasureObjectNeighbors,6,Neighbors,cell,4,1,cell,4,6
MeasureObjectNeighbors,6,Neighbors,cell,4,1,cell,4,8
MeasureObjectNeighbors,6,Neighbors,cell,4,2,cell,4,1
MeasureObjectNeighbors,6,Neighbors,cell,4,2,cell,4,3
MeasureObjectNeighbors,6,Neighbors,cell,4,2,cell,4,4
MeasureObjectNeighbors,6,Neighbors,cell,4,2,cell,4,5
MeasureObjectNeighbors,6,Neighbors,cell,4,2,cell,4,6
MeasureObjectNeighbors,6,Neighbors,cell,4,2,cell,4,7
MeasureObjectNeighbors,6,Neighbors,cell,4,2,cell,4,8
MeasureObjectNeighbors,6,Neighbors,cell,4,3,cell,4,1
MeasureObjectNeighbors,6,Neighbors,cell,4,3,cell,4,2
MeasureObjectNeighbors,6,Neighbors,cell,4,3,cell,4,5
MeasureObjectNeighbors,6,Neighbors,cell,4,3,cell,4,6
MeasureObjectNeighbors,6,Neighbors,cell,4,3,cell,4,7
MeasureObjectNeighbors,6,Neighbors,cell,4,3,cell,4,11
MeasureObjectNeighbors,6,Neighbors,cell,4,4,cell,4,1
MeasureObjectNeighbors,6,Neighbors,cell,4,4,cell,4,2
MeasureObjectNeighbors,6,Neighbors,cell,4,4,cell,4,5
MeasureObjectNeighbors,6,Neighbors,cell,4,4,cell,4,6
MeasureObjectNeighbors,6,Neighbors,cell,4,4,cell,4,8
MeasureObjectNeighbors,6,Neighbors,cell,4,4,cell,4,9
MeasureObjectNeighbors,6,Neighbors,cell,4,5,cell,4,1
MeasureObjectNeighbors,6,Neighbors,cell,4,5,cell,4,2
MeasureObjectNeighbors,6,Neighbors,cell,4,5,cell,4,3
MeasureObjectNeighbors,6,Neighbors,cell,4,5,cell,4,4
MeasureObjectNeighbors,6,Neighbors,cell,4,5,cell,4,6
MeasureObjectNeighbors,6,Neighbors,cell,4,5,cell,4,7
MeasureObjectNeighbors,6,Neighbors,cell,4,5,cell,4,8
MeasureObjectNeighbors,6,Neighbors,cell,4,5,cell,4,9
MeasureObjectNeighbors,6,Neighbors,cell,4,5,cell,4,10
MeasureObjectNeighbors,6,Neighbors,cell,4,5,cell,4,11
MeasureObjectNeighbors,6,Neighbors,cell,4,6,cell,4,1
MeasureObjectNeighbors,6,Neighbors,cell,4,6,cell,4,2
MeasureObjectNeighbors,6,Neighbors,cell,4,6,cell,4,3
MeasureObjectNeighbors,6,Neighbors,cell,4,6,cell,4,4
MeasureObjectNeighbors,6,Neighbors,cell,4,6,cell,4,5
MeasureObjectNeighbors,6,Neighbors,cell,4,6,cell,4,8
MeasureObjectNeighbors,6,Neighbors,cell,4,6,cell,4,9
MeasureObjectNeighbors,6,Neighbors,cell,4,7,cell,4,2
MeasureObjectNeighbors,6,Neighbors,cell,4,7,cell,4,3
MeasureObjectNeighbors,6,Neighbors,cell,4,7,cell,4,5
MeasureObjectNeighbors,6,Neighbors,cell,4,7,cell,4,10
MeasureObjectNeighbors,6,Neighbors,cell,4,7,cell,4,11
MeasureObjectNeighbors,6,Neighbors,cell,4,7,cell,4,12
MeasureObjectNeighbors,6,Neighbors,cell,4,8,cell,4,1
MeasureObjectNeighbors,6,Neighbors,cell,4,8,cell,4,2
MeasureObjectNeighbors,6,Neighbors,cell,4,8,cell,4,4
MeasureObjectNeighbors,6,Neighbors,cell,4,8,cell,4,5
MeasureObjectNeighbors,6,Neighbors,cell,4,8,cell,4,6
MeasureObjectNeighbors,6,Neighbors,cell,4,8,cell,4,9
MeasureObjectNeighbors,6,Neighbors,cell,4,9,cell,4,4
MeasureObjectNeighbors,6,Neighbors,cell,4,9,cell,4,5
MeasureObjectNeighbors,6,Neighbors,cell,4,9,cell,4,6
MeasureObjectNeighbors,6,Neighbors,cell,4,9,cell,4,8
MeasureObjectNeighbors,6,Neighbors,cell,4,9,cell,4,13
MeasureObjectNeighbors,6,Neighbors,cell,4,10,cell,4,5
MeasureObjectNeighbors,6,Neighbors,cell,4,10,cell,4,7
MeasureObjectNeighbors,6,Neighbors,cell,4,10,cell,4,11
MeasureObjectNeighbors,6,Neighbors,cell,4,10,cell,4,12
MeasureObjectNeighbors,6,Neighbors,cell,4,11,cell,4,3
MeasureObjectNeighbors,6,Neighbors,cell,4,11,cell,4,5
MeasureObjectNeighbors,6,Neighbors,cell,4,11,cell,4,7
MeasureObjectNeighbors,6,Neighbors,cell,4,11,cell,4,10
MeasureObjectNeighbors,6,Neighbors,cell,4,11,cell,4,12
MeasureObjectNeighbors,6,Neighbors,cell,4,11,cell,4,13
MeasureObjectNeighbors,6,Neighbors,cell,4,11,cell,4,14
MeasureObjectNeighbors,6,Neighbors,cell,4,12,cell,4,7
MeasureObjectNeighbors,6,Neighbors,cell,4,12,cell,4,10
MeasureObjectNeighbors,6,Neighbors,cell,4,12,cell,4,11
MeasureObjectNeighbors,6,Neighbors,cell,4,12,cell,4,14
MeasureObjectNeighbors,6,Neighbors,cell,4,13,cell,4,9
MeasureObjectNeighbors,6,Neighbors,cell,4,13,cell,4,11
MeasureObjectNeighbors,6,Neighbors,cell,4,13,cell,4,14
MeasureObjectNeighbors,6,Neighbors,cell,4,13,cell,4,15
MeasureObjectNeighbors,6,Neighbors,cell,4,13,cell,4,16
MeasureObjectNeighbors,6,Neighbors,cell,4,13,cell,4,17
MeasureObjectNeighbors,6,Neighbors,cell,4,14,cell,4,11
MeasureObjectNeighbors,6,Neighbors,cell,4,14,cell,4,12
MeasureObjectNeighbors,6,Neighbors,cell,4,14,cell,4,13
MeasureObjectNeighbors,6,Neighbors,cell,4,14,cell,4,15
MeasureObjectNeighbors,6,Neighbors,cell,4,14,cell,4,16
MeasureObjectNeighbors,6,Neighbors,cell,4,14,cell,4,17
MeasureObjectNeighbors,6,Neighbors,cell,4,15,cell,4,13
MeasureObjectNeighbors,6,Neighbors,cell,4,15,cell,4,14
MeasureObjectNeighbors,6,Neighbors,cell,4,15,cell,4,16
MeasureObjectNeighbors,6,Neighbors,cell,4,16,cell,4,13
MeasureObjectNeighbors,6,Neighbors,cell,4,16,cell,4,14
MeasureObjectNeighbors,6,Neighbors,cell,4,16,cell,4,15
MeasureObjectNeighbors,6,Neighbors,cell,4,16,cell,4,17
MeasureObjectNeighbors,6,Neighbors,cell,4,17,cell,4,13
MeasureObjectNeighbors,6,Neighbors,cell,4,17,cell,4,14
MeasureObjectNeighbors,6,Neighbors,cell,4,17,cell,4,16
MeasureObjectNeighbors,6,Neighbors,cell,6,1,cell,6,4
MeasureObjectNeighbors,6,Neighbors,cell,6,1,cell,6,5
MeasureObjectNeighbors,6,Neighbors,cell,6,1,cell,6,6
MeasureObjectNeighbors,6,Neighbors,cell,6,2,cell,6,3
MeasureObjectNeighbors,6,Neighbors,cell,6,2,cell,6,4
MeasureObjectNeighbors,6,Neighbors,cell,6,2,cell,6,7
MeasureObjectNeighbors,6,Neighbors,cell,6,2,cell,6,9
MeasureObjectNeighbors,6,Neighbors,cell,6,2,cell,6,10
MeasureObjectNeighbors,6,Neighbors,cell,6,3,cell,6,2
MeasureObjectNeighbors,6,Neighbors,cell,6,3,cell,6,7
MeasureObjectNeighbors,6,Neighbors,cell,6,3,cell,6,9
MeasureObjectNeighbors,6,Neighbors,cell,6,3,cell,6,10
MeasureObjectNeighbors,6,Neighbors,cell,6,4,cell,6,1
MeasureObjectNeighbors,6,Neighbors,cell,6,4,cell,6,2
MeasureObjectNeighbors,6,Neighbors,cell,6,4,cell,6,5
MeasureObjectNeighbors,6,Neighbors,cell,6,4,cell,6,6
MeasureObjectNeighbors,6,Neighbors,cell,6,4,cell,6,7
MeasureObjectNeighbors,6,Neighbors,cell,6,4,cell,6,8
MeasureObjectNeighbors,6,Neighbors,cell,6,4,cell,6,11
MeasureObjectNeighbors,6,Neighbors,cell,6,5,cell,6,1
MeasureObjectNeighbors,6,Neighbors,cell,6,5,cell,6,4
MeasureObjectNeighbors,6,Neighbors,cell,6,5,cell,6,6
MeasureObjectNeighbors,6,Neighbors,cell,6,5,cell,6,8
MeasureObjectNeighbors,6,Neighbors,cell,6,6,cell,6,1
MeasureObjectNeighbors,6,Neighbors,cell,6,6,cell,6,4
MeasureObjectNeighbors,6,Neighbors,cell,6,6,cell,6,5
MeasureObjectNeighbors,6,Neighbors,cell,6,6,cell,6,7
MeasureObjectNeighbors,6,Neighbors,cell,6,6,cell,6,8
MeasureObjectNeighbors,6,Neighbors,cell,6,6,cell,6,11
MeasureObjectNeighbors,6,Neighbors,cell,6,7,cell,6,2
MeasureObjectNeighbors,6,Neighbors,cell,6,7,cell,6,3
MeasureObjectNeighbors,6,Neighbors,cell,6,7,cell,6,4
MeasureObjectNeighbors,6,Neighbors,cell,6,7,cell,6,6
MeasureObjectNeighbors,6,Neighbors,cell,6,7,cell,6,8
MeasureObjectNeighbors,6,Neighbors,cell,6,7,cell,6,9
MeasureObjectNeighbors,6,Neighbors,cell,6,7,cell,6,10
MeasureObjectNeighbors,6,Neighbors,cell,6,7,cell,6,11
MeasureObjectNeighbors,6,Neighbors,cell,6,8,cell,6,4
MeasureObjectNeighbors,6,Neighbors,cell,6,8,cell,6,5
MeasureObjectNeighbors,6,Neighbors,cell,6,8,cell,6,6
MeasureObjectNeighbors,6,Neighbors,cell,6,8,cell,6,7
MeasureObjectNeighbors,6,Neighbors,cell,6,8,cell,6,11
MeasureObjectNeighbors,6,Neighbors,cell,6,9,cell,6,2
MeasureObjectNeighbors,6,Neighbors,cell,6,9,cell,6,3
MeasureObjectNeighbors,6,Neighbors,cell,6,9,cell,6,7
MeasureObjectNeighbors,6,Neighbors,cell,6,9,cell,6,10
MeasureObjectNeighbors,6,Neighbors,cell,6,10,cell,6,2
MeasureObjectNeighbors,6,Neighbors,cell,6,10,cell,6,3
MeasureObjectNeighbors,6,Neighbors,cell,6,10,cell,6,7
MeasureObjectNeighbors,6,Neighbors,cell,6,10,cell,6,9
MeasureObjectNeighbors,6,Neighbors,cell,6,10,cell,6,11
MeasureObjectNeighbors,6,Neighbors,cell,6,11,cell,6,4
MeasureObjectNeighbors,6,Neighbors,cell,6,11,cell,6,6
MeasureObjectNeighbors,6,Neighbors,cell,6,11,cell,6,7
MeasureObjectNeighbors,6,Neighbors,cell,6,11,cell,6,8
MeasureObjectNeighbors,6,Neighbors,cell,6,11,cell,6,10
MeasureObjectNeighbors,6,Neighbors,cell,7,1,cell,7,2
MeasureObjectNeighbors,6,Neighbors,cell,7,1,cell,7,3
MeasureObjectNeighbors,6,Neighbors,cell,7,1,cell,7,5
MeasureObjectNeighbors,6,Neighbors,cell,7,2,cell,7,1
MeasureObjectNeighbors,6,Neighbors,cell,7,2,cell,7,3
MeasureObjectNeighbors,6,Neighbors,cell,7,2,cell,7,5
MeasureObjectNeighbors,6,Neighbors,cell,7,2,cell,7,6
MeasureObjectNeighbors,6,Neighbors,cell,7,3,cell,7,1
MeasureObjectNeighbors,6,Neighbors,cell,7,3,cell,7,2
MeasureObjectNeighbors,6,Neighbors,cell,7,3,cell,7,4
MeasureObjectNeighbors,6,Neighbors,cell,7,3,cell,7,5
MeasureObjectNeighbors,6,Neighbors,cell,7,3,cell,7,6
MeasureObjectNeighbors,6,Neighbors,cell,7,3,cell,7,7
MeasureObjectNeighbors,6,Neighbors,cell,7,4,cell,7,3
MeasureObjectNeighbors,6,Neighbors,cell,7,4,cell,7,6
MeasureObjectNeighbors,6,Neighbors,cell,7,4,cell,7,7
MeasureObjectNeighbors,6,Neighbors,cell,7,4,cell,7,9
MeasureObjectNeighbors,6,Neighbors,cell,7,5,cell,7,1
MeasureObjectNeighbors,6,Neighbors,cell,7,5,cell,7,2
MeasureObjectNeighbors,6,Neighbors,cell,7,5,cell,7,3
MeasureObjectNeighbors,6,Neighbors,cell,7,5,cell,7,6
MeasureObjectNeighbors,6,Neighbors,cell,7,5,cell,7,8
MeasureObjectNeighbors,6,Neighbors,cell,7,6,cell,7,2
MeasureObjectNeighbors,6,Neighbors,cell,7,6,cell,7,3
MeasureObjectNeighbors,6,Neighbors,cell,7,6,cell,7,4
MeasureObjectNeighbors,6,Neighbors,cell,7,6,cell,7,5
MeasureObjectNeighbors,6,Neighbors,cell,7,6,cell,7,7
MeasureObjectNeighbors,6,Neighbors,cell,7,6,cell,7,8
MeasureObjectNeighbors,6,Neighbors,cell,7,6,cell,7,10
MeasureObjectNeighbors,6,Neighbors,cell,7,6,cell,7,11
MeasureObjectNeighbors,6,Neighbors,cell,7,7,cell,7,3
MeasureObjectNeighbors,6,Neighbors,cell,7,7,cell,7,4
MeasureObjectNeighbors,6,Neighbors,cell,7,7,cell,7,6
MeasureObjectNeighbors,6,Neighbors,cell,7,7,cell,7,9
MeasureObjectNeighbors,6,Neighbors,cell,7,7,cell,7,10
MeasureObjectNeighbors,6,Neighbors,cell,7,7,cell,7,11
MeasureObjectNeighbors,6,Neighbors,cell,7,7,cell,7,12
MeasureObjectNeighbors,6,Neighbors,cell,7,8,cell,7,5
MeasureObjectNeighbors,6,Neighbors,cell,7,8,cell,7,6
MeasureObjectNeighbors,6,Neighbors,cell,7,8,cell,7,10
MeasureObjectNeighbors,6,Neighbors,cell,7,8,cell,7,11
MeasureObjectNeighbors,6,Neighbors,cell,7,9,cell,7,4
MeasureObjectNeighbors,6,Neighbors,cell,7,9,cell,7,7
MeasureObjectNeighbors,6,Neighbors,cell,7,9,cell,7,12
MeasureObjectNeighbors,6,Neighbors,cell,7,10,cell,7,6
MeasureObjectNeighbors,6,Neighbors,cell,7,10,cell,7,7
MeasureObjectNeighbors,6,Neighbors,cell,7,10,cell,7,8
MeasureObjectNeighbors,6,Neighbors,cell,7,10,cell,7,11
MeasureObjectNeighbors,6,Neighbors,cell,7,10,cell,7,12
MeasureObjectNeighbors,6,Neighbors,cell,7,11,cell,7,6
MeasureObjectNeighbors,6,Neighbors,cell,7,11,cell,7,7
MeasureObjectNeighbors,6,Neighbors,cell,7,11,cell,7,8
MeasureObjectNeighbors,6,Neighbors,cell,7,11,cell,7,10
MeasureObjectNeighbors,6,Neighbors,cell,7,11,cell,7,12
MeasureObjectNeighbors,6,Neighbors,cell,7,12,cell,7,7
MeasureObjectNeighbors,6,Neighbors,cell,7,12,cell,7,9
MeasureObjectNeighbors,6,Neighbors,cell,7,12,cell,7,10
MeasureObjectNeighbors,6,Neighbors,cell,7,12,cell,7,11
MeasureObjectNeighbors,6,Neighbors,cell,8,1,cell,8,2
MeasureObjectNeighbors,6,Neighbors,cell,8,1,cell,8,3
MeasureObjectNeighbors,6,Neighbors,cell,8,1,cell,8,4
MeasureObjectNeighbors,6,Neighbors,cell,8,1,cell,8,5
MeasureObjectNeighbors,6,Neighbors,cell,8,1,cell,8,6
MeasureObjectNeighbors,6,Neighbors,cell,8,2,cell,8,1
MeasureObjectNeighbors,6,Neighbors,cell,8,2,cell,8,3
MeasureObjectNeighbors,6,Neighbors,cell,8,2,cell,8,4
MeasureObjectNeighbors,6,Neighbors,cell,8,2,cell,8,6
MeasureObjectNeighbors,6,Neighbors,cell,8,3,cell,8,1
MeasureObjectNeighbors,6,Neighbors,cell,8,3,cell,8,2
MeasureObjectNeighbors,6,Neighbors,cell,8,3,cell,8,4
MeasureObjectNeighbors,6,Neighbors,cell,8,3,cell,8,5
MeasureObjectNeighbors,6,Neighbors,cell,8,3,cell,8,6
MeasureObjectNeighbors,6,Neighbors,cell,8,3,cell,8,7
MeasureObjectNeighbors,6,Neighbors,cell,8,4,cell,8,1
MeasureObjectNeighbors,6,Neighbors,cell,8,4,cell,8,2
MeasureObjectNeighbors,6,Neighbors,cell,8,4,cell,8,3
MeasureObjectNeighbors,6,Neighbors,cell,8,4,cell,8,6
MeasureObjectNeighbors,6,Neighbors,cell,8,4,cell,8,7
MeasureObjectNeighbors,6,Neighbors,cell,8,4,cell,8,12
MeasureObjectNeighbors,6,Neighbors,cell,8,5,cell,8,1
MeasureObjectNeighbors,6,Neighbors,cell,8,5,cell,8,3
MeasureObjectNeighbors,6,Neighbors,cell,8,5,cell,8,6
MeasureObjectNeighbors,6,Neighbors,cell,8,5,cell,8,7
MeasureObjectNeighbors,6,Neighbors,cell,8,5,cell,8,8
MeasureObjectNeighbors,6,Neighbors,cell,8,5,cell,8,9
MeasureObjectNeighbors,6,Neighbors,cell,8,5,cell,8,10
MeasureObjectNeighbors,6,Neighbors,cell,8,6,cell,8,1
MeasureObjectNeighbors,6,Neighbors,cell,8,6,cell,8,2
MeasureObjectNeighbors,6,Neighbors,cell,8,6,cell,8,3
MeasureObjectNeighbors,6,Neighbors,cell,8,6,cell,8,4
MeasureObjectNeighbors,6,Neighbors,cell,8,6,cell,8,5
MeasureObjectNeighbors,6,Neighbors,cell,8,6,cell,8,7
MeasureObjectNeighbors,6,Neighbors,cell,8,6,cell,8,12
MeasureObjectNeighbors,6,Neighbors,cell,8,7,cell,8,3
MeasureObjectNeighbors,6,Neighbors,cell,8,7,cell,8,4
MeasureObjectNeighbors,6,Neighbors,cell,8,7,cell,8,5
MeasureObjectNeighbors,6,Neighbors,cell,8,7,cell,8,6
MeasureObjectNeighbors,6,Neighbors,cell,8,7,cell,8,8
MeasureObjectNeighbors,6,Neighbors,cell,8,7,cell,8,9
MeasureObjectNeighbors,6,Neighbors,cell,8,7,cell,8,11
MeasureObjectNeighbors,6,Neighbors,cell,8,7,cell,8,12
MeasureObjectNeighbors,6,Neighbors,cell,8,8,cell,8,5
MeasureObjectNeighbors,6,Neighbors,cell,8,8,cell,8,7
MeasureObjectNeighbors,6,Neighbors,cell,8,8,cell,8,9
MeasureObjectNeighbors,6,Neighbors,cell,8,8,cell,8,10
MeasureObjectNeighbors,6,Neighbors,cell,8,8,cell,8,11
MeasureObjectNeighbors,6,Neighbors,cell,8,8,cell,8,12
MeasureObjectNeighbors,6,Neighbors,cell,8,9,cell,8,5
MeasureObjectNeighbors,6,Neighbors,cell,8,9,cell,8,7
MeasureObjectNeighbors,6,Neighbors,cell,8,9,cell,8,8
MeasureObjectNeighbors,6,Neighbors,cell,8,9,cell,8,10
MeasureObjectNeighbors,6,Neighbors,cell,8,9,cell,8,11
MeasureObjectNeighbors,6,Neighbors,cell,8,9,cell,8,12
MeasureObjectNeighbors,6,Neighbors,cell,8,10,cell,8,5
MeasureObjectNeighbors,6,Neighbors,cell,8,10,cell,8,8
MeasureObjectNeighbors,6,Neighbors,cell,8,10,cell,8,9
MeasureObjectNeighbors,6,Neighbors,cell,8,10,cell,8,11
MeasureObjectNeighbors,6,Neighbors,cell,8,10,cell,8,13
MeasureObjectNeighbors,6,Neighbors,cell,8,11,cell,8,7
MeasureObjectNeighbors,6,Neighbors,cell,8,11,cell,8,8
MeasureObjectNeighbors,6,Neighbors,cell,8,11,cell,8,9
MeasureObjectNeighbors,6,Neighbors,cell,8,11,cell,8,10
MeasureObjectNeighbors,6,Neighbors,cell,8,11,cell,8,12
MeasureObjectNeighbors,6,Neighbors,cell,8,11,cell,8,13
MeasureObjectNeighbors,6,Neighbors,cell,8,12,cell,8,4
MeasureObjectNeighbors,6,Neighbors,cell,8,12,cell,8,6
MeasureObjectNeighbors,6,Neighbors,cell,8,12,cell,8,7
MeasureObjectNeighbors,6,Neighbors,cell,8,12,cell,8,8
MeasureObjectNeighbors,6,Neighbors,cell,8,12,cell,8,9
MeasureObjectNeighbors,6,Neighbors,cell,8,12,cell,8,11
MeasureObjectNeighbors,6,Neighbors,cell,8,12,cell,8,14
MeasureObjectNeighbors,6,Neighbors,cell,8,12,cell,8,15
MeasureObjectNeighbors,6,Neighbors,cell,8,13,cell,8,10
MeasureObjectNeighbors,6,Neighbors,cell,8,13,cell,8,11
MeasureObjectNeighbors,6,Neighbors,cell,8,14,cell,8,12
MeasureObjectNeighbors,6,Neighbors,cell,8,14,cell,8,15
MeasureObjectNeighbors,6,Neighbors,cell,8,15,cell,8,12
MeasureObjectNeighbors,6,Neighbors,cell,8,15,cell,8,14
MeasureObjectNeighbors,6,Neighbors,cell,9,1,cell,9,2
MeasureObjectNeighbors,6,Neighbors,cell,9,1,cell,9,3
MeasureObjectNeighbors,6,Neighbors,cell,9,1,cell,9,4
MeasureObjectNeighbors,6,Neighbors,cell,9,1,cell,9,7
MeasureObjectNeighbors,6,Neighbors,cell,9,1,cell,9,10
MeasureObjectNeighbors,6,Neighbors,cell,9,2,cell,9,1
MeasureObjectNeighbors,6,Neighbors,cell,9,2,cell,9,3
MeasureObjectNeighbors,6,Neighbors,cell,9,2,cell,9,4
MeasureObjectNeighbors,6,Neighbors,cell,9,2,cell,9,6
MeasureObjectNeighbors,6,Neighbors,cell,9,3,cell,9,1
MeasureObjectNeighbors,6,Neighbors,cell,9,3,cell,9,2
MeasureObjectNeighbors,6,Neighbors,cell,9,3,cell,9,4
MeasureObjectNeighbors,6,Neighbors,cell,9,3,cell,9,6
MeasureObjectNeighbors,6,Neighbors,cell,9,3,cell,9,7
MeasureObjectNeighbors,6,Neighbors,cell,9,4,cell,9,1
MeasureObjectNeighbors,6,Neighbors,cell,9,4,cell,9,2
MeasureObjectNeighbors,6,Neighbors,cell,9,4,cell,9,3
MeasureObjectNeighbors,6,Neighbors,cell,9,4,cell,9,6
MeasureObjectNeighbors,6,Neighbors,cell,9,4,cell,9,7
MeasureObjectNeighbors,6,Neighbors,cell,9,4,cell,9,10
MeasureObjectNeighbors,6,Neighbors,cell,9,5,cell,9,8
MeasureObjectNeighbors,6,Neighbors,cell,9,5,cell,9,9
MeasureObjectNeighbors,6,Neighbors,cell,9,5,cell,9,13
MeasureObjectNeighbors,6,Neighbors,cell,9,6,cell,9,2
MeasureObjectNeighbors,6,Neighbors,cell,9,6,cell,9,3
MeasureObjectNeighbors,6,Neighbors,cell,9,6,cell,9,4
MeasureObjectNeighbors,6,Neighbors,cell,9,6,cell,9,7
MeasureObjectNeighbors,6,Neighbors,cell,9,6,cell,9,10
MeasureObjectNeighbors,6,Neighbors,cell,9,7,cell,9,1
MeasureObjectNeighbors,6,Neighbors,cell,9,7,cell,9,3
MeasureObjectNeighbors,6,Neighbors,cell,9,7,cell,9,4
MeasureObjectNeighbors,6,Neighbors,cell,9,7,cell,9,6
MeasureObjectNeighbors,6,Neighbors,cell,9,7,cell,9,10
MeasureObjectNeighbors,6,Neighbors,cell,9,8,cell,9,5
MeasureObjectNeighbors,6,Neighbors,cell,9,8,cell,9,9
MeasureObjectNeighbors,6,Neighbors,cell,9,8,cell,9,12
MeasureObjectNeighbors,6,Neighbors,cell,9,8,cell,9,13
MeasureObjectNeighbors,6,Neighbors,cell,9,9,cell,9,5
MeasureObjectNeighbors,6,Neighbors,cell,9,9,cell,9,8
MeasureObjectNeighbors,6,Neighbors,cell,9,9,cell,9,11
MeasureObjectNeighbors,6,Neighbors,cell,9,9,cell,9,12
MeasureObjectNeighbors,6,Neighbors,cell,9,9,cell,9,13
MeasureObjectNeighbors,6,Neighbors,cell,9,10,cell,9,1
MeasureObjectNeighbors,6,Neighbors,cell,9,10,cell,9,4
MeasureObjectNeighbors,6,Neighbors,cell,9,10,cell,9,6
MeasureObjectNeighbors,6,Neighbors,cell,9,10,cell,9,7
MeasureObjectNeighbors,6,Neighbors,cell,9,11,cell,9,9
MeasureObjectNeighbors,6,Neighbors,cell,9,11,cell,9,12
MeasureObjectNeighbors,6,Neighbors,cell,9,12,cell,9,8
MeasureObjectNeighbors,6,Neighbors,cell,9,12,cell,9,9
MeasureObjectNeighbors,6,Neighbors,cell,9,12,cell,9,11
MeasureObjectNeighbors,6,Neighbors,cell,9,12,cell,9,13
MeasureObjectNeighbors,6,Neighbors,cell,9,13,cell,9,5
MeasureObjectNeighbors,6,Neighbors,cell,9,13,cell,9,8
MeasureObjectNeighbors,6,Neighbors,cell,9,13,cell,9,9
MeasureObjectNeighbors,6,Neighbors,cell,9,13,cell,9,12
MeasureObjectNeighbors,6,Neighbors,cell,10,1,cell,10,2
MeasureObjectNeighbors,6,Neighbors,cell,10,1,cell,10,3
MeasureObjectNeighbors,6,Neighbors,cell,10,1,cell,10,4
MeasureObjectNeighbors,6,Neighbors,cell,10,1,cell,10,5
MeasureObjectNeighbors,6,Neighbors,cell,10,1,cell,10,7
MeasureObjectNeighbors,6,Neighbors,cell,10,2,cell,10,1
MeasureObjectNeighbors,6,Neighbors,cell,10,2,cell,10,3
MeasureObjectNeighbors,6,Neighbors,cell,10,2,cell,10,4
MeasureObjectNeighbors,6,Neighbors,cell,10,2,cell,10,6
MeasureObjectNeighbors,6,Neighbors,cell,10,2,cell,10,7
MeasureObjectNeighbors,6,Neighbors,cell,10,3,cell,10,1
MeasureObjectNeighbors,6,Neighbors,cell,10,3,cell,10,2
MeasureObjectNeighbors,6,Neighbors,cell,10,3,cell,10,4
MeasureObjectNeighbors,6,Neighbors,cell,10,3,cell,10,5
MeasureObjectNeighbors,6,Neighbors,cell,10,3,cell,10,7
MeasureObjectNeighbors,6,Neighbors,cell,10,4,cell,10,1
MeasureObjectNeighbors,6,Neighbors,cell,10,4,cell,10,2
MeasureObjectNeighbors,6,Neighbors,cell,10,4,cell,10,3
MeasureObjectNeighbors,6,Neighbors,cell,10,4,cell,10,5
MeasureObjectNeighbors,6,Neighbors,cell,10,4,cell,10,6
MeasureObjectNeighbors,6,Neighbors,cell,10,4,cell,10,7
MeasureObjectNeighbors,6,Neighbors,cell,10,4,cell,10,8
MeasureObjectNeighbors,6,Neighbors,cell,10,5,cell,10,1
MeasureObjectNeighbors,6,Neighbors,cell,10,5,cell,10,3
MeasureObjectNeighbors,6,Neighbors,cell,10,5,cell,10,4
MeasureObjectNeighbors,6,Neighbors,cell,10,5,cell,10,7
MeasureObjectNeighbors,6,Neighbors,cell,10,5,cell,10,8
MeasureObjectNeighbors,6,Neighbors,cell,10,6,cell,10,2
MeasureObjectNeighbors,6,Neighbors,cell,10,6,cell,10,4
MeasureObjectNeighbors,6,Neighbors,cell,10,6,cell,10,7
MeasureObjectNeighbors,6,Neighbors,cell,10,6,cell,10,8
MeasureObjectNeighbors,6,Neighbors,cell,10,7,cell,10,1
MeasureObjectNeighbors,6,Neighbors,cell,10,7,cell,10,2
MeasureObjectNeighbors,6,Neighbors,cell,10,7,cell,10,3
MeasureObjectNeighbors,6,Neighbors,cell,10,7,cell,10,4
MeasureObjectNeighbors,6,Neighbors,cell,10,7,cell,10,5
MeasureObjectNeighbors,6,Neighbors,cell,10,7,cell,10,6
MeasureObjectNeighbors,6,Neighbors,cell,10,7,cell,10,8
MeasureObjectNeighbors,6,Neighbors,cell,10,8,cell,10,4
MeasureObjectNeighbors,6,Neighbors,cell,10,8,cell,10,5
MeasureObjectNeighbors,6,Neighbors,cell,10,8,cell,10,6
MeasureObjectNeighbors,6,Neighbors,cell,10,8,cell,10,7
MeasureObjectNeighbors,6,Neighbors,cell,14,1,cell,14,2
MeasureObjectNeighbors,6,Neighbors,cell,14,1,cell,14,3
MeasureObjectNeighbors,6,Neighbors,cell,14,1,cell,14,4
MeasureObjectNeighbors,6,Neighbors,cell,14,1,cell,14,5
MeasureObjectNeighbors,6,Neighbors,cell,14,1,cell,14,7
MeasureObjectNeighbors,6,Neighbors,cell,14,2,cell,14,1
MeasureObjectNeighbors,6,Neighbors,cell,14,2,cell,14,3
MeasureObjectNeighbors,6,Neighbors,cell,14,2,cell,14,4
MeasureObjectNeighbors,6,Neighbors,cell,14,2,cell,14,5
MeasureObjectNeighbors,6,Neighbors,cell,14,2,cell,14,6
MeasureObjectNeighbors,6,Neighbors,cell,14,2,cell,14,7
MeasureObjectNeighbors,6,Neighbors,cell,14,3,cell,14,1
MeasureObjectNeighbors,6,Neighbors,cell,14,3,cell,14,2
MeasureObjectNeighbors,6,Neighbors,cell,14,3,cell,14,6
MeasureObjectNeighbors,6,Neighbors,cell,14,3,cell,14,7
MeasureObjectNeighbors,6,Neighbors,cell,14,3,cell,14,8
MeasureObjectNeighbors,6,Neighbors,cell,14,3,cell,14,9
MeasureObjectNeighbors,6,Neighbors,cell,14,4,cell,14,1
MeasureObjectNeighbors,6,Neighbors,cell,14,4,cell,14,2
MeasureObjectNeighbors,6,Neighbors,cell,14,4,cell,14,5
MeasureObjectNeighbors,6,Neighbors,cell,14,4,cell,14,10
MeasureObjectNeighbors,6,Neighbors,cell,14,4,cell,14,11
MeasureObjectNeighbors,6,Neighbors,cell,14,4,cell,14,14
MeasureObjectNeighbors,6,Neighbors,cell,14,4,cell,14,20
MeasureObjectNeighbors,6,Neighbors,cell,14,5,cell,14,1
MeasureObjectNeighbors,6,Neighbors,cell,14,5,cell,14,2
MeasureObjectNeighbors,6,Neighbors,cell,14,5,cell,14,4
MeasureObjectNeighbors,6,Neighbors,cell,14,5,cell,14,7
MeasureObjectNeighbors,6,Neighbors,cell,14,5,cell,14,10
MeasureObjectNeighbors,6,Neighbors,cell,14,5,cell,14,11
MeasureObjectNeighbors,6,Neighbors,cell,14,5,cell,14,12
MeasureObjectNeighbors,6,Neighbors,cell,14,6,cell,14,2
MeasureObjectNeighbors,6,Neighbors,cell,14,6,cell,14,3
MeasureObjectNeighbors,6,Neighbors,cell,14,6,cell,14,7
MeasureObjectNeighbors,6,Neighbors,cell,14,6,cell,14,8
MeasureObjectNeighbors,6,Neighbors,cell,14,6,cell,14,9
MeasureObjectNeighbors,6,Neighbors,cell,14,6,cell,14,12
MeasureObjectNeighbors,6,Neighbors,cell,14,6,cell,14,13
MeasureObjectNeighbors,6,Neighbors,cell,14,6,cell,14,15
MeasureObjectNeighbors,6,Neighbors,cell,14,7,cell,14,1
MeasureObjectNeighbors,6,Neighbors,cell,14,7,cell,14,2
MeasureObjectNeighbors,6,Neighbors,cell,14,7,cell,14,3
MeasureObjectNeighbors,6,Neighbors,cell,14,7,cell,14,5
MeasureObjectNeighbors,6,Neighbors,cell,14,7,cell,14,6
MeasureObjectNeighbors,6,Neighbors,cell,14,7,cell,14,8
MeasureObjectNeighbors,6,Neighbors,cell,14,7,cell,14,10
MeasureObjectNeighbors,6,Neighbors,cell,14,7,cell,14,11
MeasureObjectNeighbors,6,Neighbors,cell,14,7,cell,14,12
MeasureObjectNeighbors,6,Neighbors,cell,14,7,cell,14,13
MeasureObjectNeighbors,6,Neighbors,cell,14,7,cell,14,15
MeasureObjectNeighbors,6,Neighbors,cell,14,7,cell,14,16
MeasureObjectNeighbors,6,Neighbors,cell,14,7,cell,14,17
MeasureObjectNeighbors,6,Neighbors,cell,14,8,cell,14,3
MeasureObjectNeighbors,6,Neighbors,cell,14,8,cell,14,6
MeasureObjectNeighbors,6,Neighbors,cell,14,8,cell,14,7
MeasureObjectNeighbors,6,Neighbors,cell,14,8,cell,14,9
MeasureObjectNeighbors,6,Neighbors,cell,14,8,cell,14,12
MeasureObjectNeighbors,6,Neighbors,cell,14,8,cell,14,13
MeasureObjectNeighbors,6,Neighbors,cell,14,8,cell,14,15
MeasureObjectNeighbors,6,Neighbors,cell,14,9,cell,14,3
MeasureObjectNeighbors,6,Neighbors,cell,14,9,cell,14,6
MeasureObjectNeighbors,6,Neighbors,cell,14,9,cell,14,8
MeasureObjectNeighbors,6,Neighbors,cell,14,9,cell,14,12
MeasureObjectNeighbors,6,Neighbors,cell,14,9,cell,14,13
MeasureObjectNeighbors,6,Neighbors,cell,14,9,cell,14,15
MeasureObjectNeighbors,6,Neighbors,cell,14,9,cell,14,19
MeasureObjectNeighbors,6,Neighbors,cell,14,10,cell,14,4
MeasureObjectNeighbors,6,Neighbors,cell,14,10,cell,14,5
MeasureObjectNeighbors,6,Neighbors,cell,14,10,cell,14,7
MeasureObjectNeighbors,6,Neighbors,cell,14,10,cell,14,11
MeasureObjectNeighbors,6,Neighbors,cell,14,10,cell,14,14
MeasureObjectNeighbors,6,Neighbors,cell,14,10,cell,14,16
MeasureObjectNeighbors,6,Neighbors,cell,14,11,cell,14,4
MeasureObjectNeighbors,6,Neighbors,cell,14,11,cell,14,5
MeasureObjectNeighbors,6,Neighbors,cell,14,11,cell,14,7
MeasureObjectNeighbors,6,Neighbors,cell,14,11,cell,14,10
MeasureObjectNeighbors,6,Neighbors,cell,14,11,cell,14,12
MeasureObjectNeighbors,6,Neighbors,cell,14,11,cell,14,14
MeasureObjectNeighbors,6,Neighbors,cell,14,11,cell,14,15
MeasureObjectNeighbors,6,Neighbors,cell,14,11,cell,14,16
MeasureObjectNeighbors,6,Neighbors,cell,14,11,cell,14,17
MeasureObjectNeighbors,6,Neighbors,cell,14,11,cell,14,21
MeasureObjectNeighbors,6,Neighbors,cell,14,12,cell,14,5
MeasureObjectNeighbors,6,Neighbors,cell,14,12,cell,14,6
MeasureObjectNeighbors,6,Neighbors,cell,14,12,cell,14,7
MeasureObjectNeighbors,6,Neighbors,cell,14,12,cell,14,8
MeasureObjectNeighbors,6,Neighbors,cell,14,12,cell,14,9
MeasureObjectNeighbors,6,Neighbors,cell,14,12,cell,14,11
MeasureObjectNeighbors,6,Neighbors,cell,14,12,cell,14,13
MeasureObjectNeighbors,6,Neighbors,cell,14,12,cell,14,15
MeasureObjectNeighbors,6,Neighbors,cell,14,12,cell,14,16
MeasureObjectNeighbors,6,Neighbors,cell,14,12,cell,14,17
MeasureObjectNeighbors,6,Neighbors,cell,14,13,cell,14,6
MeasureObjectNeighbors,6,Neighbors,cell,14,13,cell,14,7
MeasureObjectNeighbors,6,Neighbors,cell,14,13,cell,14,8
MeasureObjectNeighbors,6,Neighbors,cell,14,13,cell,14,9
MeasureObjectNeighbors,6,Neighbors,cell,14,13,cell,14,12
MeasureObjectNeighbors,6,Neighbors,cell,14,13,cell,14,15
MeasureObjectNeighbors,6,Neighbors,cell,14,13,cell,14,19
MeasureObjectNeighbors,6,Neighbors,cell,14,14,cell,14,4
MeasureObjectNeighbors,6,Neighbors,cell,14,14,cell,14,10
MeasureObjectNeighbors,6,Neighbors,cell,14,14,cell,14,11
MeasureObjectNeighbors,6,Neighbors,cell,14,14,cell,14,16
MeasureObjectNeighbors,6,Neighbors,cell,14,14,cell,14,20
MeasureObjectNeighbors,6,Neighbors,cell,14,14,cell,14,21
MeasureObjectNeighbors,6,Neighbors,cell,14,14,cell,14,24
MeasureObjectNeighbors,6,Neighbors,cell,14,15,cell,14,6
MeasureObjectNeighbors,6,Neighbors,cell,14,15,cell,14,7
MeasureObjectNeighbors,6,Neighbors,cell,14,15,cell,14,8
MeasureObjectNeighbors,6,Neighbors,cell,14,15,cell,14,9
MeasureObjectNeighbors,6,Neighbors,cell,14,15,cell,14,11
MeasureObjectNeighbors,6,Neighbors,cell,14,15,cell,14,12
MeasureObjectNeighbors,6,Neighbors,cell,14,15,cell,14,13
MeasureObjectNeighbors,6,Neighbors,cell,14,15,cell,14,16
MeasureObjectNeighbors,6,Neighbors,cell,14,15,cell,14,17
MeasureObjectNeighbors,6,Neighbors,cell,14,15,cell,14,18
MeasureObjectNeighbors,6,Neighbors,cell,14,15,cell,14,19
MeasureObjectNeighbors,6,Neighbors,cell,14,16,cell,14,7
MeasureObjectNeighbors,6,Neighbors,cell,14,16,cell,14,10
MeasureObjectNeighbors,6,Neighbors,cell,14,16,cell,14,11
MeasureObjectNeighbors,6,Neighbors,cell,14,16,cell,14,12
MeasureObjectNeighbors,6,Neighbors,cell,14,16,cell,14,14
MeasureObjectNeighbors,6,Neighbors,cell,14,16,cell,14,15
MeasureObjectNeighbors,6,Neighbors,cell,14,16,cell,14,17
MeasureObjectNeighbors,6,Neighbors,cell,14,16,cell,14,18
MeasureObjectNeighbors,6,Neighbors,cell,14,16,cell,14,21
MeasureObjectNeighbors,6,Neighbors,cell,14,16,cell,14,22
MeasureObjectNeighbors,6,Neighbors,cell,14,17,cell,14,7
MeasureObjectNeighbors,6,Neighbors,cell,14,17,cell,14,11
MeasureObjectNeighbors,6,Neighbors,cell,14,17,cell,14,12
MeasureObjectNeighbors,6,Neighbors,cell,14,17,cell,14,15
MeasureObjectNeighbors,6,Neighbors,cell,14,17,cell,14,16
MeasureObjectNeighbors,6,Neighbors,cell,14,17,cell,14,18
MeasureObjectNeighbors,6,Neighbors,cell,14,17,cell,14,19
MeasureObjectNeighbors,6,Neighbors,cell,14,17,cell,14,21
MeasureObjectNeighbors,6,Neighbors,cell,14,17,cell,14,22
MeasureObjectNeighbors,6,Neighbors,cell,14,17,cell,14,26
MeasureObjectNeighbors,6,Neighbors,cell,14,17,cell,14,28
MeasureObjectNeighbors,6,Neighbors,cell,14,18,cell,14,15
MeasureObjectNeighbors,6,Neighbors,cell,14,18,cell,14,16
MeasureObjectNeighbors,6,Neighbors,cell,14,18,cell,14,17
MeasureObjectNeighbors,6,Neighbors,cell,14,18,cell,14,19
MeasureObjectNeighbors,6,Neighbors,cell,14,18,cell,14,21
MeasureObjectNeighbors,6,Neighbors,cell,14,18,cell,14,22
MeasureObjectNeighbors,6,Neighbors,cell,14,18,cell,14,26
MeasureObjectNeighbors,6,Neighbors,cell,14,18,cell,14,28
MeasureObjectNeighbors,6,Neighbors,cell,14,19,cell,14,9
MeasureObjectNeighbors,6,Neighbors,cell,14,19,cell,14,13
MeasureObjectNeighbors,6,Neighbors,cell,14,19,cell,14,15
MeasureObjectNeighbors,6,Neighbors,cell,14,19,cell,14,17
MeasureObjectNeighbors,6,Neighbors,cell,14,19,cell,14,18
MeasureObjectNeighbors,6,Neighbors,cell,14,19,cell,14,22
MeasureObjectNeighbors,6,Neighbors,cell,14,19,cell,14,26
MeasureObjectNeighbors,6,Neighbors,cell,14,19,cell,14,28
MeasureObjectNeighbors,6,Neighbors,cell,14,20,cell,14,4
MeasureObjectNeighbors,6,Neighbors,cell,14,20,cell,14,14
MeasureObjectNeighbors,6,Neighbors,cell,14,20,cell,14,21
MeasureObjectNeighbors,6,Neighbors,cell,14,20,cell,14,23
MeasureObjectNeighbors,6,Neighbors,cell,14,20,cell,14,24
MeasureObjectNeighbors,6,Neighbors,cell,14,20,cell,14,25
MeasureObjectNeighbors,6,Neighbors,cell,14,20,cell,14,27
MeasureObjectNeighbors,6,Neighbors,cell,14,21,cell,14,11
MeasureObjectNeighbors,6,Neighbors,cell,14,21,cell,14,14
MeasureObjectNeighbors,6,Neighbors,cell,14,21,cell,14,16
MeasureObjectNeighbors,6,Neighbors,cell,14,21,cell,14,17
MeasureObjectNeighbors,6,Neighbors,cell,14,21,cell,14,18
MeasureObjectNeighbors,6,Neighbors,cell,14,21,cell,14,20
MeasureObjectNeighbors,6,Neighbors,cell,14,21,cell,14,22
MeasureObjectNeighbors,6,Neighbors,cell,14,21,cell,14,24
MeasureObjectNeighbors,6,Neighbors,cell,14,21,cell,14,26
MeasureObjectNeighbors,6,Neighbors,cell,14,21,cell,14,27
MeasureObjectNeighbors,6,Neighbors,cell,14,21,cell,14,29
MeasureObjectNeighbors,6,Neighbors,cell,14,21,cell,14,30
MeasureObjectNeighbors,6,Neighbors,cell,14,22,cell,14,16
MeasureObjectNeighbors,6,Neighbors,cell,14,22,cell,14,17
MeasureObjectNeighbors,6,Neighbors,cell,14,22,cell,14,18
MeasureObjectNeighbors,6,Neighbors,cell,14,22,cell,14,19
MeasureObjectNeighbors,6,Neighbors,cell,14,22,cell,14,21
MeasureObjectNeighbors,6,Neighbors,cell,14,22,cell,14,24
MeasureObjectNeighbors,6,Neighbors,cell,14,22,cell,14,26
MeasureObjectNeighbors,6,Neighbors,cell,14,22,cell,14,28
MeasureObjectNeighbors,6,Neighbors,cell,14,22,cell,14,29
MeasureObjectNeighbors,6,Neighbors,cell,14,23,cell,14,20
MeasureObjectNeighbors,6,Neighbors,cell,14,23,cell,14,24
MeasureObjectNeighbors,6,Neighbors,cell,14,23,cell,14,25
MeasureObjectNeighbors,6,Neighbors,cell,14,23,cell,14,27
MeasureObjectNeighbors,6,Neighbors,cell,14,23,cell,14,31
MeasureObjectNeighbors,6,Neighbors,cell,14,24,cell,14,14
MeasureObjectNeighbors,6,Neighbors,cell,14,24,cell,14,20
MeasureObjectNeighbors,6,Neighbors,cell,14,24,cell,14,21
MeasureObjectNeighbors,6,Neighbors,cell,14,24,cell,14,22
MeasureObjectNeighbors,6,Neighbors,cell,14,24,cell,14,23
MeasureObjectNeighbors,6,Neighbors,cell,14,24,cell,14,27
MeasureObjectNeighbors,6,Neighbors,cell,14,24,cell,14,29
MeasureObjectNeighbors,6,Neighbors,cell,14,24,cell,14,30
MeasureObjectNeighbors,6,Neighbors,cell,14,25,cell,14,20
MeasureObjectNeighbors,6,Neighbors,cell,14,25,cell,14,23
MeasureObjectNeighbors,6,Neighbors,cell,14,25,cell,14,27
MeasureObjectNeighbors,6,Neighbors,cell,14,25,cell,14,31
MeasureObjectNeighbors,6,Neighbors,cell,14,26,cell,14,17
MeasureObjectNeighbors,6,Neighbors,cell,14,26,cell,14,18
MeasureObjectNeighbors,6,Neighbors,cell,14,26,cell,14,19
MeasureObjectNeighbors,6,Neighbors,cell,14,26,cell,14,21
MeasureObjectNeighbors,6,Neighbors,cell,14,26,cell,14,22
MeasureObjectNeighbors,6,Neighbors,cell,14,26,cell,14,28
MeasureObjectNeighbors,6,Neighbors,cell,14,26,cell,14,29
MeasureObjectNeighbors,6,Neighbors,cell,14,27,cell,14,20
MeasureObjectNeighbors,6,Neighbors,cell,14,27,cell,14,21
MeasureObjectNeighbors,6,Neighbors,cell,14,27,cell,14,23
MeasureObjectNeighbors,6,Neighbors,cell,14,27,cell,14,24
MeasureObjectNeighbors,6,Neighbors,cell,14,27,cell,14,25
MeasureObjectNeighbors,6,Neighbors,cell,14,27,cell,14,29
MeasureObjectNeighbors,6,Neighbors,cell,14,27,cell,14,30
MeasureObjectNeighbors,6,Neighbors,cell,14,27,cell,14,31
MeasureObjectNeighbors,6,Neighbors,cell,14,28,cell,14,17
MeasureObjectNeighbors,6,Neighbors,cell,14,28,cell,14,18
MeasureObjectNeighbors,6,Neighbors,cell,14,28,cell,14,19
MeasureObjectNeighbors,6,Neighbors,cell,14,28,cell,14,22
MeasureObjectNeighbors,6,Neighbors,cell,14,28,cell,14,26
MeasureObjectNeighbors,6,Neighbors,cell,14,28,cell,14,29
MeasureObjectNeighbors,6,Neighbors,cell,14,29,cell,14,21
MeasureObjectNeighbors,6,Neighbors,cell,14,29,cell,14,22
MeasureObjectNeighbors,6,Neighbors,cell,14,29,cell,14,24
MeasureObjectNeighbors,6,Neighbors,cell,14,29,cell,14,26
MeasureObjectNeighbors,6,Neighbors,cell,14,29,cell,14,27
MeasureObjectNeighbors,6,Neighbors,cell,14,29,cell,14,28
MeasureObjectNeighbors,6,Neighbors,cell,14,29,cell,14,30
MeasureObjectNeighbors,6,Neighbors,cell,14,29,cell,14,31
MeasureObjectNeighbors,6,Neighbors,cell,14,30,cell,14,21
MeasureObjectNeighbors,6,Neighbors,cell,14,30,cell,14,24
MeasureObjectNeighbors,6,Neighbors,cell,14,30,cell,14,27
MeasureObjectNeighbors,6,Neighbors,cell,14,30,cell,14,29
MeasureObjectNeighbors,6,Neighbors,cell,14,30,cell,14,31
MeasureObjectNeighbors,6,Neighbors,cell,14,31,cell,14,23
MeasureObjectNeighbors,6,Neighbors,cell,14,31,cell,14,25
MeasureObjectNeighbors,6,Neighbors,cell,14,31,cell,14,27
MeasureObjectNeighbors,6,Neighbors,cell,14,31,cell,14,29
MeasureObjectNeighbors,6,Neighbors,cell,14,31,cell,14,30
MeasureObjectNeighbors,6,Neighbors,cell,12,1,cell,12,2
MeasureObjectNeighbors,6,Neighbors,cell,12,1,cell,12,3
MeasureObjectNeighbors,6,Neighbors,cell,12,1,cell,12,5
MeasureObjectNeighbors,6,Neighbors,cell,12,1,cell,12,6
MeasureObjectNeighbors,6,Neighbors,cell,12,1,cell,12,12
MeasureObjectNeighbors,6,Neighbors,cell,12,2,cell,12,1
MeasureObjectNeighbors,6,Neighbors,cell,12,2,cell,12,3
MeasureObjectNeighbors,6,Neighbors,cell,12,2,cell,12,5
MeasureObjectNeighbors,6,Neighbors,cell,12,3,cell,12,1
MeasureObjectNeighbors,6,Neighbors,cell,12,3,cell,12,2
MeasureObjectNeighbors,6,Neighbors,cell,12,3,cell,12,5
MeasureObjectNeighbors,6,Neighbors,cell,12,3,cell,12,12
MeasureObjectNeighbors,6,Neighbors,cell,12,4,cell,12,6
MeasureObjectNeighbors,6,Neighbors,cell,12,4,cell,12,7
MeasureObjectNeighbors,6,Neighbors,cell,12,4,cell,12,8
MeasureObjectNeighbors,6,Neighbors,cell,12,4,cell,12,9
MeasureObjectNeighbors,6,Neighbors,cell,12,4,cell,12,10
MeasureObjectNeighbors,6,Neighbors,cell,12,4,cell,12,11
MeasureObjectNeighbors,6,Neighbors,cell,12,4,cell,12,15
MeasureObjectNeighbors,6,Neighbors,cell,12,5,cell,12,1
MeasureObjectNeighbors,6,Neighbors,cell,12,5,cell,12,2
MeasureObjectNeighbors,6,Neighbors,cell,12,5,cell,12,3
MeasureObjectNeighbors,6,Neighbors,cell,12,5,cell,12,6
MeasureObjectNeighbors,6,Neighbors,cell,12,5,cell,12,12
MeasureObjectNeighbors,6,Neighbors,cell,12,5,cell,12,13
MeasureObjectNeighbors,6,Neighbors,cell,12,5,cell,12,14
MeasureObjectNeighbors,6,Neighbors,cell,12,6,cell,12,1
MeasureObjectNeighbors,6,Neighbors,cell,12,6,cell,12,4
MeasureObjectNeighbors,6,Neighbors,cell,12,6,cell,12,5
MeasureObjectNeighbors,6,Neighbors,cell,12,6,cell,12,7
MeasureObjectNeighbors,6,Neighbors,cell,12,6,cell,12,8
MeasureObjectNeighbors,6,Neighbors,cell,12,6,cell,12,10
MeasureObjectNeighbors,6,Neighbors,cell,12,6,cell,12,12
MeasureObjectNeighbors,6,Neighbors,cell,12,6,cell,12,13
MeasureObjectNeighbors,6,Neighbors,cell,12,6,cell,12,14
MeasureObjectNeighbors,6,Neighbors,cell,12,6,cell,12,17
MeasureObjectNeighbors,6,Neighbors,cell,12,7,cell,12,4
MeasureObjectNeighbors,6,Neighbors,cell,12,7,cell,12,6
MeasureObjectNeighbors,6,Neighbors,cell,12,7,cell,12,8
MeasureObjectNeighbors,6,Neighbors,cell,12,7,cell,12,9
MeasureObjectNeighbors,6,Neighbors,cell,12,7,cell,12,10
MeasureObjectNeighbors,6,Neighbors,cell,12,7,cell,12,15
MeasureObjectNeighbors,6,Neighbors,cell,12,7,cell,12,16
MeasureObjectNeighbors,6,Neighbors,cell,12,8,cell,12,4
MeasureObjectNeighbors,6,Neighbors,cell,12,8,cell,12,6
MeasureObjectNeighbors,6,Neighbors,cell,12,8,cell,12,7
MeasureObjectNeighbors,6,Neighbors,cell,12,8,cell,12,9
MeasureObjectNeighbors,6,Neighbors,cell,12,8,cell,12,10
MeasureObjectNeighbors,6,Neighbors,cell,12,8,cell,12,13
MeasureObjectNeighbors,6,Neighbors,cell,12,8,cell,12,16
MeasureObjectNeighbors,6,Neighbors,cell,12,8,cell,12,17
MeasureObjectNeighbors,6,Neighbors,cell,12,9,cell,12,4
MeasureObjectNeighbors,6,Neighbors,cell,12,9,cell,12,7
MeasureObjectNeighbors,6,Neighbors,cell,12,9,cell,12,8
MeasureObjectNeighbors,6,Neighbors,cell,12,9,cell,12,10
MeasureObjectNeighbors,6,Neighbors,cell,12,9,cell,12,11
MeasureObjectNeighbors,6,Neighbors,cell,12,9,cell,12,15
MeasureObjectNeighbors,6,Neighbors,cell,12,9,cell,12,16
MeasureObjectNeighbors,6,Neighbors,cell,12,9,cell,12,18
MeasureObjectNeighbors,6,Neighbors,cell,12,9,cell,12,19
MeasureObjectNeighbors,6,Neighbors,cell,12,10,cell,12,4
MeasureObjectNeighbors,6,Neighbors,cell,12,10,cell,12,6
MeasureObjectNeighbors,6,Neighbors,cell,12,10,cell,12,7
MeasureObjectNeighbors,6,Neighbors,cell,12,10,cell,12,8
MeasureObjectNeighbors,6,Neighbors,cell,12,10,cell,12,9
MeasureObjectNeighbors,6,Neighbors,cell,12,10,cell,12,13
MeasureObjectNeighbors,6,Neighbors,cell,12,10,cell,12,15
MeasureObjectNeighbors,6,Neighbors,cell,12,10,cell,12,16
MeasureObjectNeighbors,6,Neighbors,cell,12,10,cell,12,17
MeasureObjectNeighbors,6,Neighbors,cell,12,10,cell,12,19
MeasureObjectNeighbors,6,Neighbors,cell,12,10,cell,12,20
MeasureObjectNeighbors,6,Neighbors,cell,12,11,cell,12,4
MeasureObjectNeighbors,6,Neighbors,cell,12,11,cell,12,9
MeasureObjectNeighbors,6,Neighbors,cell,12,11,cell,12,15
MeasureObjectNeighbors,6,Neighbors,cell,12,11,cell,12,18
MeasureObjectNeighbors,6,Neighbors,cell,12,11,cell,12,22
MeasureObjectNeighbors,6,Neighbors,cell,12,12,cell,12,1
MeasureObjectNeighbors,6,Neighbors,cell,12,12,cell,12,3
MeasureObjectNeighbors,6,Neighbors,cell,12,12,cell,12,5
MeasureObjectNeighbors,6,Neighbors,cell,12,12,cell,12,6
MeasureObjectNeighbors,6,Neighbors,cell,12,12,cell,12,13
MeasureObjectNeighbors,6,Neighbors,cell,12,12,cell,12,14
MeasureObjectNeighbors,6,Neighbors,cell,12,12,cell,12,17
MeasureObjectNeighbors,6,Neighbors,cell,12,12,cell,12,23
MeasureObjectNeighbors,6,Neighbors,cell,12,12,cell,12,24
MeasureObjectNeighbors,6,Neighbors,cell,12,13,cell,12,5
MeasureObjectNeighbors,6,Neighbors,cell,12,13,cell,12,6
MeasureObjectNeighbors,6,Neighbors,cell,12,13,cell,12,8
MeasureObjectNeighbors,6,Neighbors,cell,12,13,cell,12,10
MeasureObjectNeighbors,6,Neighbors,cell,12,13,cell,12,12
MeasureObjectNeighbors,6,Neighbors,cell,12,13,cell,12,14
MeasureObjectNeighbors,6,Neighbors,cell,12,13,cell,12,16
MeasureObjectNeighbors,6,Neighbors,cell,12,13,cell,12,17
MeasureObjectNeighbors,6,Neighbors,cell,12,13,cell,12,20
MeasureObjectNeighbors,6,Neighbors,cell,12,14,cell,12,5
MeasureObjectNeighbors,6,Neighbors,cell,12,14,cell,12,6
MeasureObjectNeighbors,6,Neighbors,cell,12,14,cell,12,12
MeasureObjectNeighbors,6,Neighbors,cell,12,14,cell,12,13
MeasureObjectNeighbors,6,Neighbors,cell,12,14,cell,12,17
MeasureObjectNeighbors,6,Neighbors,cell,12,14,cell,12,20
MeasureObjectNeighbors,6,Neighbors,cell,12,14,cell,12,21
MeasureObjectNeighbors,6,Neighbors,cell,12,14,cell,12,23
MeasureObjectNeighbors,6,Neighbors,cell,12,15,cell,12,4
MeasureObjectNeighbors,6,Neighbors,cell,12,15,cell,12,7
MeasureObjectNeighbors,6,Neighbors,cell,12,15,cell,12,9
MeasureObjectNeighbors,6,Neighbors,cell,12,15,cell,12,10
MeasureObjectNeighbors,6,Neighbors,cell,12,15,cell,12,11
MeasureObjectNeighbors,6,Neighbors,cell,12,15,cell,12,16
MeasureObjectNeighbors,6,Neighbors,cell,12,15,cell,12,18
MeasureObjectNeighbors,6,Neighbors,cell,12,15,cell,12,19
MeasureObjectNeighbors,6,Neighbors,cell,12,15,cell,12,22
MeasureObjectNeighbors,6,Neighbors,cell,12,16,cell,12,7
MeasureObjectNeighbors,6,Neighbors,cell,12,16,cell,12,8
MeasureObjectNeighbors,6,Neighbors,cell,12,16,cell,12,9
MeasureObjectNeighbors,6,Neighbors,cell,12,16,cell,12,10
MeasureObjectNeighbors,6,Neighbors,cell,12,16,cell,12,13
MeasureObjectNeighbors,6,Neighbors,cell,12,16,cell,12,15
MeasureObjectNeighbors,6,Neighbors,cell,12,16,cell,12,17
MeasureObjectNeighbors,6,Neighbors,cell,12,16,cell,12,18
MeasureObjectNeighbors,6,Neighbors,cell,12,16,cell,12,19
MeasureObjectNeighbors,6,Neighbors,cell,12,16,cell,12,20
MeasureObjectNeighbors,6,Neighbors,cell,12,16,cell,12,21
MeasureObjectNeighbors,6,Neighbors,cell,12,16,cell,12,22
MeasureObjectNeighbors,6,Neighbors,cell,12,17,cell,12,6
MeasureObjectNeighbors,6,Neighbors,cell,12,17,cell,12,8
MeasureObjectNeighbors,6,Neighbors,cell,12,17,cell,12,10
MeasureObjectNeighbors,6,Neighbors,cell,12,17,cell,12,12
MeasureObjectNeighbors,6,Neighbors,cell,12,17,cell,12,13
MeasureObjectNeighbors,6,Neighbors,cell,12,17,cell,12,14
MeasureObjectNeighbors,6,Neighbors,cell,12,17,cell,12,16
MeasureObjectNeighbors,6,Neighbors,cell,12,17,cell,12,19
MeasureObjectNeighbors,6,Neighbors,cell,12,17,cell,12,20
MeasureObjectNeighbors,6,Neighbors,cell,12,17,cell,12,21
MeasureObjectNeighbors,6,Neighbors,cell,12,17,cell,12,23
MeasureObjectNeighbors,6,Neighbors,cell,12,18,cell,12,9
MeasureObjectNeighbors,6,Neighbors,cell,12,18,cell,12,11
MeasureObjectNeighbors,6,Neighbors,cell,12,18,cell,12,15
MeasureObjectNeighbors,6,Neighbors,cell,12,18,cell,12,16
MeasureObjectNeighbors,6,Neighbors,cell,12,18,cell,12,19
MeasureObjectNeighbors,6,Neighbors,cell,12,18,cell,12,22
MeasureObjectNeighbors,6,Neighbors,cell,12,19,cell,12,9
MeasureObjectNeighbors,6,Neighbors,cell,12,19,cell,12,10
MeasureObjectNeighbors,6,Neighbors,cell,12,19,cell,12,15
MeasureObjectNeighbors,6,Neighbors,cell,12,19,cell,12,16
MeasureObjectNeighbors,6,Neighbors,cell,12,19,cell,12,17
MeasureObjectNeighbors,6,Neighbors,cell,12,19,cell,12,18
MeasureObjectNeighbors,6,Neighbors,cell,12,19,cell,12,20
MeasureObjectNeighbors,6,Neighbors,cell,12,19,cell,12,21
MeasureObjectNeighbors,6,Neighbors,cell,12,19,cell,12,22
MeasureObjectNeighbors,6,Neighbors,cell,12,20,cell,12,10
MeasureObjectNeighbors,6,Neighbors,cell,12,20,cell,12,13
MeasureObjectNeighbors,6,Neighbors,cell,12,20,cell,12,14
MeasureObjectNeighbors,6,Neighbors,cell,12,20,cell,12,16
MeasureObjectNeighbors,6,Neighbors,cell,12,20,cell,12,17
MeasureObjectNeighbors,6,Neighbors,cell,12,20,cell,12,19
MeasureObjectNeighbors,6,Neighbors,cell,12,20,cell,12,21
MeasureObjectNeighbors,6,Neighbors,cell,12,20,cell,12,22
MeasureObjectNeighbors,6,Neighbors,cell,12,20,cell,12,23
MeasureObjectNeighbors,6,Neighbors,cell,12,21,cell,12,14
MeasureObjectNeighbors,6,Neighbors,cell,12,21,cell,12,16
MeasureObjectNeighbors,6,Neighbors,cell,12,21,cell,12,17
MeasureObjectNeighbors,6,Neighbors,cell,12,21,cell,12,19
MeasureObjectNeighbors,6,Neighbors,cell,12,21,cell,12,20
MeasureObjectNeighbors,6,Neighbors,cell,12,21,cell,12,22
MeasureObjectNeighbors,6,Neighbors,cell,12,21,cell,12,23
MeasureObjectNeighbors,6,Neighbors,cell,12,22,cell,12,11
MeasureObjectNeighbors,6,Neighbors,cell,12,22,cell,12,15
MeasureObjectNeighbors,6,Neighbors,cell,12,22,cell,12,16
MeasureObjectNeighbors,6,Neighbors,cell,12,22,cell,12,18
MeasureObjectNeighbors,6,Neighbors,cell,12,22,cell,12,19
MeasureObjectNeighbors,6,Neighbors,cell,12,22,cell,12,20
MeasureObjectNeighbors,6,Neighbors,cell,12,22,cell,12,21
MeasureObjectNeighbors,6,Neighbors,cell,12,23,cell,12,12
MeasureObjectNeighbors,6,Neighbors,cell,12,23,cell,12,14
MeasureObjectNeighbors,6,Neighbors,cell,12,23,cell,12,17
MeasureObjectNeighbors,6,Neighbors,cell,12,23,cell,12,20
MeasureObjectNeighbors,6,Neighbors,cell,12,23,cell,12,21
MeasureObjectNeighbors,6,Neighbors,cell,12,23,cell,12,24
MeasureObjectNeighbors,6,Neighbors,cell,12,24,cell,12,12
MeasureObjectNeighbors,6,Neighbors,cell,12,24,cell,12,23
MeasureObjectNeighbors,6,Neighbors,cell,13,1,cell,13,2
MeasureObjectNeighbors,6,Neighbors,cell,13,1,cell,13,3
MeasureObjectNeighbors,6,Neighbors,cell,13,1,cell,13,4
MeasureObjectNeighbors,6,Neighbors,cell,13,2,cell,13,1
MeasureObjectNeighbors,6,Neighbors,cell,13,2,cell,13,3
MeasureObjectNeighbors,6,Neighbors,cell,13,2,cell,13,4
MeasureObjectNeighbors,6,Neighbors,cell,13,2,cell,13,7
MeasureObjectNeighbors,6,Neighbors,cell,13,2,cell,13,10
MeasureObjectNeighbors,6,Neighbors,cell,13,3,cell,13,1
MeasureObjectNeighbors,6,Neighbors,cell,13,3,cell,13,2
MeasureObjectNeighbors,6,Neighbors,cell,13,3,cell,13,4
MeasureObjectNeighbors,6,Neighbors,cell,13,3,cell,13,5
MeasureObjectNeighbors,6,Neighbors,cell,13,3,cell,13,6
MeasureObjectNeighbors,6,Neighbors,cell,13,3,cell,13,7
MeasureObjectNeighbors,6,Neighbors,cell,13,3,cell,13,11
MeasureObjectNeighbors,6,Neighbors,cell,13,4,cell,13,1
MeasureObjectNeighbors,6,Neighbors,cell,13,4,cell,13,2
MeasureObjectNeighbors,6,Neighbors,cell,13,4,cell,13,3
MeasureObjectNeighbors,6,Neighbors,cell,13,4,cell,13,5
MeasureObjectNeighbors,6,Neighbors,cell,13,4,cell,13,6
MeasureObjectNeighbors,6,Neighbors,cell,13,4,cell,13,7
MeasureObjectNeighbors,6,Neighbors,cell,13,4,cell,13,8
MeasureObjectNeighbors,6,Neighbors,cell,13,4,cell,13,10
MeasureObjectNeighbors,6,Neighbors,cell,13,4,cell,13,13
MeasureObjectNeighbors,6,Neighbors,cell,13,5,cell,13,3
MeasureObjectNeighbors,6,Neighbors,cell,13,5,cell,13,4
MeasureObjectNeighbors,6,Neighbors,cell,13,5,cell,13,6
MeasureObjectNeighbors,6,Neighbors,cell,13,5,cell,13,7
MeasureObjectNeighbors,6,Neighbors,cell,13,5,cell,13,8
MeasureObjectNeighbors,6,Neighbors,cell,13,5,cell,13,9
MeasureObjectNeighbors,6,Neighbors,cell,13,5,cell,13,11
MeasureObjectNeighbors,6,Neighbors,cell,13,6,cell,13,3
MeasureObjectNeighbors,6,Neighbors,cell,13,6,cell,13,4
MeasureObjectNeighbors,6,Neighbors,cell,13,6,cell,13,5
MeasureObjectNeighbors,6,Neighbors,cell,13,6,cell,13,7
MeasureObjectNeighbors,6,Neighbors,cell,13,6,cell,13,8
MeasureObjectNeighbors,6,Neighbors,cell,13,6,cell,13,9
MeasureObjectNeighbors,6,Neighbors,cell,13,6,cell,13,10
MeasureObjectNeighbors,6,Neighbors,cell,13,6,cell,13,11
MeasureObjectNeighbors,6,Neighbors,cell,13,6,cell,13,12
MeasureObjectNeighbors,6,Neighbors,cell,13,7,cell,13,2
MeasureObjectNeighbors,6,Neighbors,cell,13,7,cell,13,3
MeasureObjectNeighbors,6,Neighbors,cell,13,7,cell,13,4
MeasureObjectNeighbors,6,Neighbors,cell,13,7,cell,13,5
MeasureObjectNeighbors,6,Neighbors,cell,13,7,cell,13,6
MeasureObjectNeighbors,6,Neighbors,cell,13,7,cell,13,8
MeasureObjectNeighbors,6,Neighbors,cell,13,7,cell,13,9
MeasureObjectNeighbors,6,Neighbors,cell,13,7,cell,13,10
MeasureObjectNeighbors,6,Neighbors,cell,13,7,cell,13,11
MeasureObjectNeighbors,6,Neighbors,cell,13,7,cell,13,12
MeasureObjectNeighbors,6,Neighbors,cell,13,7,cell,13,13
MeasureObjectNeighbors,6,Neighbors,cell,13,8,cell,13,4
MeasureObjectNeighbors,6,Neighbors,cell,13,8,cell,13,5
MeasureObjectNeighbors,6,Neighbors,cell,13,8,cell,13,6
MeasureObjectNeighbors,6,Neighbors,cell,13,8,cell,13,7
MeasureObjectNeighbors,6,Neighbors,cell,13,8,cell,13,9
MeasureObjectNeighbors,6,Neighbors,cell,13,8,cell,13,10
MeasureObjectNeighbors,6,Neighbors,cell,13,8,cell,13,11
MeasureObjectNeighbors,6,Neighbors,cell,13,8,cell,13,12
MeasureObjectNeighbors,6,Neighbors,cell,13,8,cell,13,13
MeasureObjectNeighbors,6,Neighbors,cell,13,9,cell,13,5
MeasureObjectNeighbors,6,Neighbors,cell,13,9,cell,13,6
MeasureObjectNeighbors,6,Neighbors,cell,13,9,cell,13,7
MeasureObjectNeighbors,6,Neighbors,cell,13,9,cell,13,8
MeasureObjectNeighbors,6,Neighbors,cell,13,9,cell,13,10
MeasureObjectNeighbors,6,Neighbors,cell,13,9,cell,13,11
MeasureObjectNeighbors,6,Neighbors,cell,13,9,cell,13,12
MeasureObjectNeighbors,6,Neighbors,cell,13,9,cell,13,13
MeasureObjectNeighbors,6,Neighbors,cell,13,10,cell,13,2
MeasureObjectNeighbors,6,Neighbors,cell,13,10,cell,13,4
MeasureObjectNeighbors,6,Neighbors,cell,13,10,cell,13,6
MeasureObjectNeighbors,6,Neighbors,cell,13,10,cell,13,7
MeasureObjectNeighbors,6,Neighbors,cell,13,10,cell,13,8
MeasureObjectNeighbors,6,Neighbors,cell,13,10,cell,13,9
MeasureObjectNeighbors,6,Neighbors,cell,13,10,cell,13,11
MeasureObjectNeighbors,6,Neighbors,cell,13,10,cell,13,12
MeasureObjectNeighbors,6,Neighbors,cell,13,10,cell,13,13
MeasureObjectNeighbors,6,Neighbors,cell,13,11,cell,13,3
MeasureObjectNeighbors,6,Neighbors,cell,13,11,cell,13,5
MeasureObjectNeighbors,6,Neighbors,cell,13,11,cell,13,6
MeasureObjectNeighbors,6,Neighbors,cell,13,11,cell,13,7
MeasureObjectNeighbors,6,Neighbors,cell,13,11,cell,13,8
MeasureObjectNeighbors,6,Neighbors,cell,13,11,cell,13,9
MeasureObjectNeighbors,6,Neighbors,cell,13,11,cell,13,10
MeasureObjectNeighbors,6,Neighbors,cell,13,11,cell,13,12
MeasureObjectNeighbors,6,Neighbors,cell,13,11,cell,13,13
MeasureObjectNeighbors,6,Neighbors,cell,13,12,cell,13,6
MeasureObjectNeighbors,6,Neighbors,cell,13,12,cell,13,7
MeasureObjectNeighbors,6,Neighbors,cell,13,12,cell,13,8
MeasureObjectNeighbors,6,Neighbors,cell,13,12,cell,13,9
MeasureObjectNeighbors,6,Neighbors,cell,13,12,cell,13,10
MeasureObjectNeighbors,6,Neighbors,cell,13,12,cell,13,11
MeasureObjectNeighbors,6,Neighbors,cell,13,12,cell,13,13
MeasureObjectNeighbors,6,Neighbors,cell,13,13,cell,13,4
MeasureObjectNeighbors,6,Neighbors,cell,13,13,cell,13,7
MeasureObjectNeighbors,6,Neighbors,cell,13,13,cell,13,8
MeasureObjectNeighbors,6,Neighbors,cell,13,13,cell,13,9
MeasureObjectNeighbors,6,Neighbors,cell,13,13,cell,13,10
MeasureObjectNeighbors,6,Neighbors,cell,13,13,cell,13,11
MeasureObjectNeighbors,6,Neighbors,cell,13,13,cell,13,12
MeasureObjectNeighbors,6,Neighbors,cell,11,1,cell,11,2
MeasureObjectNeighbors,6,Neighbors,cell,11,1,cell,11,3
MeasureObjectNeighbors,6,Neighbors,cell,11,1,cell,11,5
MeasureObjectNeighbors,6,Neighbors,cell,11,1,cell,11,6
MeasureObjectNeighbors,6,Neighbors,cell,11,1,cell,11,11
MeasureObjectNeighbors,6,Neighbors,cell,11,2,cell,11,1
MeasureObjectNeighbors,6,Neighbors,cell,11,2,cell,11,3
MeasureObjectNeighbors,6,Neighbors,cell,11,2,cell,11,4
MeasureObjectNeighbors,6,Neighbors,cell,11,2,cell,11,5
MeasureObjectNeighbors,6,Neighbors,cell,11,2,cell,11,7
MeasureObjectNeighbors,6,Neighbors,cell,11,2,cell,11,8
MeasureObjectNeighbors,6,Neighbors,cell,11,3,cell,11,1
MeasureObjectNeighbors,6,Neighbors,cell,11,3,cell,11,2
MeasureObjectNeighbors,6,Neighbors,cell,11,3,cell,11,4
MeasureObjectNeighbors,6,Neighbors,cell,11,3,cell,11,6
MeasureObjectNeighbors,6,Neighbors,cell,11,3,cell,11,7
MeasureObjectNeighbors,6,Neighbors,cell,11,3,cell,11,8
MeasureObjectNeighbors,6,Neighbors,cell,11,3,cell,11,9
MeasureObjectNeighbors,6,Neighbors,cell,11,3,cell,11,10
MeasureObjectNeighbors,6,Neighbors,cell,11,4,cell,11,2
MeasureObjectNeighbors,6,Neighbors,cell,11,4,cell,11,3
MeasureObjectNeighbors,6,Neighbors,cell,11,4,cell,11,5
MeasureObjectNeighbors,6,Neighbors,cell,11,4,cell,11,6
MeasureObjectNeighbors,6,Neighbors,cell,11,4,cell,11,7
MeasureObjectNeighbors,6,Neighbors,cell,11,4,cell,11,8
MeasureObjectNeighbors,6,Neighbors,cell,11,5,cell,11,1
MeasureObjectNeighbors,6,Neighbors,cell,11,5,cell,11,2
MeasureObjectNeighbors,6,Neighbors,cell,11,5,cell,11,4
MeasureObjectNeighbors,6,Neighbors,cell,11,5,cell,11,7
MeasureObjectNeighbors,6,Neighbors,cell,11,5,cell,11,8
MeasureObjectNeighbors,6,Neighbors,cell,11,6,cell,11,1
MeasureObjectNeighbors,6,Neighbors,cell,11,6,cell,11,3
MeasureObjectNeighbors,6,Neighbors,cell,11,6,cell,11,4
MeasureObjectNeighbors,6,Neighbors,cell,11,6,cell,11,7
MeasureObjectNeighbors,6,Neighbors,cell,11,6,cell,11,9
MeasureObjectNeighbors,6,Neighbors,cell,11,6,cell,11,10
MeasureObjectNeighbors,6,Neighbors,cell,11,6,cell,11,11
MeasureObjectNeighbors,6,Neighbors,cell,11,7,cell,11,2
MeasureObjectNeighbors,6,Neighbors,cell,11,7,cell,11,3
MeasureObjectNeighbors,6,Neighbors,cell,11,7,cell,11,4
MeasureObjectNeighbors,6,Neighbors,cell,11,7,cell,11,5
MeasureObjectNeighbors,6,Neighbors,cell,11,7,cell,11,6
MeasureObjectNeighbors,6,Neighbors,cell,11,7,cell,11,8
MeasureObjectNeighbors,6,Neighbors,cell,11,7,cell,11,9
MeasureObjectNeighbors,6,Neighbors,cell,11,7,cell,11,10
MeasureObjectNeighbors,6,Neighbors,cell,11,7,cell,11,12
MeasureObjectNeighbors,6,Neighbors,cell,11,8,cell,11,2
MeasureObjectNeighbors,6,Neighbors,cell,11,8,cell,11,3
MeasureObjectNeighbors,6,Neighbors,cell,11,8,cell,11,4
MeasureObjectNeighbors,6,Neighbors,cell,11,8,cell,11,5
MeasureObjectNeighbors,6,Neighbors,cell,11,8,cell,11,7
MeasureObjectNeighbors,6,Neighbors,cell,11,8,cell,11,10
MeasureObjectNeighbors,6,Neighbors,cell,11,8,cell,11,12
MeasureObjectNeighbors,6,Neighbors,cell,11,9,cell,11,3
MeasureObjectNeighbors,6,Neighbors,cell,11,9,cell,11,6
MeasureObjectNeighbors,6,Neighbors,cell,11,9,cell,11,7
MeasureObjectNeighbors,6,Neighbors,cell,11,9,cell,11,10
MeasureObjectNeighbors,6,Neighbors,cell,11,9,cell,11,11
MeasureObjectNeighbors,6,Neighbors,cell,11,9,cell,11,13
MeasureObjectNeighbors,6,Neighbors,cell,11,9,cell,11,14
MeasureObjectNeighbors,6,Neighbors,cell,11,10,cell,11,3
MeasureObjectNeighbors,6,Neighbors,cell,11,10,cell,11,6
MeasureObjectNeighbors,6,Neighbors,cell,11,10,cell,11,7
MeasureObjectNeighbors,6,Neighbors,cell,11,10,cell,11,8
MeasureObjectNeighbors,6,Neighbors,cell,11,10,cell,11,9
MeasureObjectNeighbors,6,Neighbors,cell,11,10,cell,11,11
MeasureObjectNeighbors,6,Neighbors,cell,11,10,cell,11,12
MeasureObjectNeighbors,6,Neighbors,cell,11,10,cell,11,13
MeasureObjectNeighbors,6,Neighbors,cell,11,10,cell,11,14
MeasureObjectNeighbors,6,Neighbors,cell,11,11,cell,11,1
MeasureObjectNeighbors,6,Neighbors,cell,11,11,cell,11,6
MeasureObjectNeighbors,6,Neighbors,cell,11,11,cell,11,9
MeasureObjectNeighbors,6,Neighbors,cell,11,11,cell,11,10
MeasureObjectNeighbors,6,Neighbors,cell,11,11,cell,11,13
MeasureObjectNeighbors,6,Neighbors,cell,11,11,cell,11,14
MeasureObjectNeighbors,6,Neighbors,cell,11,12,cell,11,7
MeasureObjectNeighbors,6,Neighbors,cell,11,12,cell,11,8
MeasureObjectNeighbors,6,Neighbors,cell,11,12,cell,11,10
MeasureObjectNeighbors,6,Neighbors,cell,11,12,cell,11,14
MeasureObjectNeighbors,6,Neighbors,cell,11,13,cell,11,9
MeasureObjectNeighbors,6,Neighbors,cell,11,13,cell,11,10
MeasureObjectNeighbors,6,Neighbors,cell,11,13,cell,11,11
MeasureObjectNeighbors,6,Neighbors,cell,11,13,cell,11,14
MeasureObjectNeighbors,6,Neighbors,cell,11,14,cell,11,9
MeasureObjectNeighbors,6,Neighbors,cell,11,14,cell,11,10
MeasureObjectNeighbors,6,Neighbors,cell,11,14,cell,11,11
MeasureObjectNeighbors,6,Neighbors,cell,11,14,cell,11,12
MeasureObjectNeighbors,6,Neighbors,cell,11,14,cell,11,13
MeasureObjectNeighbors,6,Neighbors,cell,15,1,cell,15,2
MeasureObjectNeighbors,6,Neighbors,cell,15,1,cell,15,3
MeasureObjectNeighbors,6,Neighbors,cell,15,1,cell,15,4
MeasureObjectNeighbors,6,Neighbors,cell,15,1,cell,15,5
MeasureObjectNeighbors,6,Neighbors,cell,15,2,cell,15,1
MeasureObjectNeighbors,6,Neighbors,cell,15,2,cell,15,3
MeasureObjectNeighbors,6,Neighbors,cell,15,2,cell,15,4
MeasureObjectNeighbors,6,Neighbors,cell,15,2,cell,15,6
MeasureObjectNeighbors,6,Neighbors,cell,15,3,cell,15,1
MeasureObjectNeighbors,6,Neighbors,cell,15,3,cell,15,2
MeasureObjectNeighbors,6,Neighbors,cell,15,3,cell,15,6
MeasureObjectNeighbors,6,Neighbors,cell,15,3,cell,15,7
MeasureObjectNeighbors,6,Neighbors,cell,15,4,cell,15,1
MeasureObjectNeighbors,6,Neighbors,cell,15,4,cell,15,2
MeasureObjectNeighbors,6,Neighbors,cell,15,4,cell,15,5
MeasureObjectNeighbors,6,Neighbors,cell,15,4,cell,15,6
MeasureObjectNeighbors,6,Neighbors,cell,15,4,cell,15,8
MeasureObjectNeighbors,6,Neighbors,cell,15,4,cell,15,10
MeasureObjectNeighbors,6,Neighbors,cell,15,4,cell,15,11
MeasureObjectNeighbors,6,Neighbors,cell,15,4,cell,15,12
MeasureObjectNeighbors,6,Neighbors,cell,15,4,cell,15,13
MeasureObjectNeighbors,6,Neighbors,cell,15,5,cell,15,1
MeasureObjectNeighbors,6,Neighbors,cell,15,5,cell,15,4
MeasureObjectNeighbors,6,Neighbors,cell,15,5,cell,15,8
MeasureObjectNeighbors,6,Neighbors,cell,15,5,cell,15,10
MeasureObjectNeighbors,6,Neighbors,cell,15,5,cell,15,11
MeasureObjectNeighbors,6,Neighbors,cell,15,6,cell,15,2
MeasureObjectNeighbors,6,Neighbors,cell,15,6,cell,15,3
MeasureObjectNeighbors,6,Neighbors,cell,15,6,cell,15,4
MeasureObjectNeighbors,6,Neighbors,cell,15,6,cell,15,7
MeasureObjectNeighbors,6,Neighbors,cell,15,6,cell,15,9
MeasureObjectNeighbors,6,Neighbors,cell,15,6,cell,15,10
MeasureObjectNeighbors,6,Neighbors,cell,15,6,cell,15,12
MeasureObjectNeighbors,6,Neighbors,cell,15,6,cell,15,13
MeasureObjectNeighbors,6,Neighbors,cell,15,7,cell,15,3
MeasureObjectNeighbors,6,Neighbors,cell,15,7,cell,15,6
MeasureObjectNeighbors,6,Neighbors,cell,15,7,cell,15,9
MeasureObjectNeighbors,6,Neighbors,cell,15,7,cell,15,13
MeasureObjectNeighbors,6,Neighbors,cell,15,7,cell,15,15
MeasureObjectNeighbors,6,Neighbors,cell,15,7,cell,15,18
MeasureObjectNeighbors,6,Neighbors,cell,15,7,cell,15,19
MeasureObjectNeighbors,6,Neighbors,cell,15,8,cell,15,4
MeasureObjectNeighbors,6,Neighbors,cell,15,8,cell,15,5
MeasureObjectNeighbors,6,Neighbors,cell,15,8,cell,15,10
MeasureObjectNeighbors,6,Neighbors,cell,15,8,cell,15,11
MeasureObjectNeighbors,6,Neighbors,cell,15,8,cell,15,12
MeasureObjectNeighbors,6,Neighbors,cell,15,9,cell,15,6
MeasureObjectNeighbors,6,Neighbors,cell,15,9,cell,15,7
MeasureObjectNeighbors,6,Neighbors,cell,15,9,cell,15,13
MeasureObjectNeighbors,6,Neighbors,cell,15,9,cell,15,15
MeasureObjectNeighbors,6,Neighbors,cell,15,9,cell,15,18
MeasureObjectNeighbors,6,Neighbors,cell,15,9,cell,15,19
MeasureObjectNeighbors,6,Neighbors,cell,15,10,cell,15,4
MeasureObjectNeighbors,6,Neighbors,cell,15,10,cell,15,5
MeasureObjectNeighbors,6,Neighbors,cell,15,10,cell,15,6
MeasureObjectNeighbors,6,Neighbors,cell,15,10,cell,15,8
MeasureObjectNeighbors,6,Neighbors,cell,15,10,cell,15,11
MeasureObjectNeighbors,6,Neighbors,cell,15,10,cell,15,12
MeasureObjectNeighbors,6,Neighbors,cell,15,10,cell,15,13
MeasureObjectNeighbors,6,Neighbors,cell,15,10,cell,15,16
MeasureObjectNeighbors,6,Neighbors,cell,15,10,cell,15,17
MeasureObjectNeighbors,6,Neighbors,cell,15,11,cell,15,4
MeasureObjectNeighbors,6,Neighbors,cell,15,11,cell,15,5
MeasureObjectNeighbors,6,Neighbors,cell,15,11,cell,15,8
MeasureObjectNeighbors,6,Neighbors,cell,15,11,cell,15,10
MeasureObjectNeighbors,6,Neighbors,cell,15,11,cell,15,12
MeasureObjectNeighbors,6,Neighbors,cell,15,11,cell,15,16
MeasureObjectNeighbors,6,Neighbors,cell,15,11,cell,15,17
MeasureObjectNeighbors,6,Neighbors,cell,15,12,cell,15,4
MeasureObjectNeighbors,6,Neighbors,cell,15,12,cell,15,6
MeasureObjectNeighbors,6,Neighbors,cell,15,12,cell,15,8
MeasureObjectNeighbors,6,Neighbors,cell,15,12,cell,15,10
MeasureObjectNeighbors,6,Neighbors,cell,15,12,cell,15,11
MeasureObjectNeighbors,6,Neighbors,cell,15,12,cell,15,13
MeasureObjectNeighbors,6,Neighbors,cell,15,12,cell,15,14
MeasureObjectNeighbors,6,Neighbors,cell,15,12,cell,15,16
MeasureObjectNeighbors,6,Neighbors,cell,15,12,cell,15,17
MeasureObjectNeighbors,6,Neighbors,cell,15,12,cell,15,21
MeasureObjectNeighbors,6,Neighbors,cell,15,13,cell,15,4
MeasureObjectNeighbors,6,Neighbors,cell,15,13,cell,15,6
MeasureObjectNeighbors,6,Neighbors,cell,15,13,cell,15,7
MeasureObjectNeighbors,6,Neighbors,cell,15,13,cell,15,9
MeasureObjectNeighbors,6,Neighbors,cell,15,13,cell,15,10
MeasureObjectNeighbors,6,Neighbors,cell,15,13,cell,15,12
MeasureObjectNeighbors,6,Neighbors,cell,15,13,cell,15,14
MeasureObjectNeighbors,6,Neighbors,cell,15,13,cell,15,15
MeasureObjectNeighbors,6,Neighbors,cell,15,13,cell,15,16
MeasureObjectNeighbors,6,Neighbors,cell,15,13,cell,15,18
MeasureObjectNeighbors,6,Neighbors,cell,15,13,cell,15,19
MeasureObjectNeighbors,6,Neighbors,cell,15,13,cell,15,23
MeasureObjectNeighbors,6,Neighbors,cell,15,14,cell,15,12
MeasureObjectNeighbors,6,Neighbors,cell,15,14,cell,15,13
MeasureObjectNeighbors,6,Neighbors,cell,15,14,cell,15,16
MeasureObjectNeighbors,6,Neighbors,cell,15,14,cell,15,18
MeasureObjectNeighbors,6,Neighbors,cell,15,14,cell,15,21
MeasureObjectNeighbors,6,Neighbors,cell,15,14,cell,15,23
MeasureObjectNeighbors,6,Neighbors,cell,15,14,cell,15,27
MeasureObjectNeighbors,6,Neighbors,cell,15,15,cell,15,7
MeasureObjectNeighbors,6,Neighbors,cell,15,15,cell,15,9
MeasureObjectNeighbors,6,Neighbors,cell,15,15,cell,15,13
MeasureObjectNeighbors,6,Neighbors,cell,15,15,cell,15,18
MeasureObjectNeighbors,6,Neighbors,cell,15,15,cell,15,19
MeasureObjectNeighbors,6,Neighbors,cell,15,15,cell,15,20
MeasureObjectNeighbors,6,Neighbors,cell,15,15,cell,15,22
MeasureObjectNeighbors,6,Neighbors,cell,15,15,cell,15,24
MeasureObjectNeighbors,6,Neighbors,cell,15,16,cell,15,10
MeasureObjectNeighbors,6,Neighbors,cell,15,16,cell,15,11
MeasureObjectNeighbors,6,Neighbors,cell,15,16,cell,15,12
MeasureObjectNeighbors,6,Neighbors,cell,15,16,cell,15,13
MeasureObjectNeighbors,6,Neighbors,cell,15,16,cell,15,14
MeasureObjectNeighbors,6,Neighbors,cell,15,16,cell,15,17
MeasureObjectNeighbors,6,Neighbors,cell,15,16,cell,15,18
MeasureObjectNeighbors,6,Neighbors,cell,15,16,cell,15,21
MeasureObjectNeighbors,6,Neighbors,cell,15,16,cell,15,23
MeasureObjectNeighbors,6,Neighbors,cell,15,16,cell,15,27
MeasureObjectNeighbors,6,Neighbors,cell,15,17,cell,15,10
MeasureObjectNeighbors,6,Neighbors,cell,15,17,cell,15,11
MeasureObjectNeighbors,6,Neighbors,cell,15,17,cell,15,12
MeasureObjectNeighbors,6,Neighbors,cell,15,17,cell,15,16
MeasureObjectNeighbors,6,Neighbors,cell,15,17,cell,15,21
MeasureObjectNeighbors,6,Neighbors,cell,15,18,cell,15,7
MeasureObjectNeighbors,6,Neighbors,cell,15,18,cell,15,9
MeasureObjectNeighbors,6,Neighbors,cell,15,18,cell,15,13
MeasureObjectNeighbors,6,Neighbors,cell,15,18,cell,15,14
MeasureObjectNeighbors,6,Neighbors,cell,15,18,cell,15,15
MeasureObjectNeighbors,6,Neighbors,cell,15,18,cell,15,16
MeasureObjectNeighbors,6,Neighbors,cell,15,18,cell,15,19
MeasureObjectNeighbors,6,Neighbors,cell,15,18,cell,15,20
MeasureObjectNeighbors,6,Neighbors,cell,15,18,cell,15,21
MeasureObjectNeighbors,6,Neighbors,cell,15,18,cell,15,23
MeasureObjectNeighbors,6,Neighbors,cell,15,18,cell,15,25
MeasureObjectNeighbors,6,Neighbors,cell,15,18,cell,15,26
MeasureObjectNeighbors,6,Neighbors,cell,15,18,cell,15,27
MeasureObjectNeighbors,6,Neighbors,cell,15,18,cell,15,29
MeasureObjectNeighbors,6,Neighbors,cell,15,19,cell,15,7
MeasureObjectNeighbors,6,Neighbors,cell,15,19,cell,15,9
MeasureObjectNeighbors,6,Neighbors,cell,15,19,cell,15,13
MeasureObjectNeighbors,6,Neighbors,cell,15,19,cell,15,15
MeasureObjectNeighbors,6,Neighbors,cell,15,19,cell,15,18
MeasureObjectNeighbors,6,Neighbors,cell,15,19,cell,15,20
MeasureObjectNeighbors,6,Neighbors,cell,15,19,cell,15,23
MeasureObjectNeighbors,6,Neighbors,cell,15,19,cell,15,24
MeasureObjectNeighbors,6,Neighbors,cell,15,19,cell,15,25
MeasureObjectNeighbors,6,Neighbors,cell,15,19,cell,15,26
MeasureObjectNeighbors,6,Neighbors,cell,15,19,cell,15,29
MeasureObjectNeighbors,6,Neighbors,cell,15,20,cell,15,15
MeasureObjectNeighbors,6,Neighbors,cell,15,20,cell,15,18
MeasureObjectNeighbors,6,Neighbors,cell,15,20,cell,15,19
MeasureObjectNeighbors,6,Neighbors,cell,15,20,cell,15,22
MeasureObjectNeighbors,6,Neighbors,cell,15,20,cell,15,23
MeasureObjectNeighbors,6,Neighbors,cell,15,20,cell,15,24
MeasureObjectNeighbors,6,Neighbors,cell,15,20,cell,15,25
MeasureObjectNeighbors,6,Neighbors,cell,15,20,cell,15,26
MeasureObjectNeighbors,6,Neighbors,cell,15,20,cell,15,28
MeasureObjectNeighbors,6,Neighbors,cell,15,20,cell,15,29
MeasureObjectNeighbors,6,Neighbors,cell,15,21,cell,15,12
MeasureObjectNeighbors,6,Neighbors,cell,15,21,cell,15,14
MeasureObjectNeighbors,6,Neighbors,cell,15,21,cell,15,16
MeasureObjectNeighbors,6,Neighbors,cell,15,21,cell,15,17
MeasureObjectNeighbors,6,Neighbors,cell,15,21,cell,15,18
MeasureObjectNeighbors,6,Neighbors,cell,15,21,cell,15,23
MeasureObjectNeighbors,6,Neighbors,cell,15,21,cell,15,27
MeasureObjectNeighbors,6,Neighbors,cell,15,22,cell,15,15
MeasureObjectNeighbors,6,Neighbors,cell,15,22,cell,15,20
MeasureObjectNeighbors,6,Neighbors,cell,15,22,cell,15,24
MeasureObjectNeighbors,6,Neighbors,cell,15,22,cell,15,28
MeasureObjectNeighbors,6,Neighbors,cell,15,23,cell,15,13
MeasureObjectNeighbors,6,Neighbors,cell,15,23,cell,15,14
MeasureObjectNeighbors,6,Neighbors,cell,15,23,cell,15,16
MeasureObjectNeighbors,6,Neighbors,cell,15,23,cell,15,18
MeasureObjectNeighbors,6,Neighbors,cell,15,23,cell,15,19
MeasureObjectNeighbors,6,Neighbors,cell,15,23,cell,15,20
MeasureObjectNeighbors,6,Neighbors,cell,15,23,cell,15,21
MeasureObjectNeighbors,6,Neighbors,cell,15,23,cell,15,24
MeasureObjectNeighbors,6,Neighbors,cell,15,23,cell,15,25
MeasureObjectNeighbors,6,Neighbors,cell,15,23,cell,15,26
MeasureObjectNeighbors,6,Neighbors,cell,15,23,cell,15,27
MeasureObjectNeighbors,6,Neighbors,cell,15,23,cell,15,28
MeasureObjectNeighbors,6,Neighbors,cell,15,23,cell,15,29
MeasureObjectNeighbors,6,Neighbors,cell,15,23,cell,15,30
MeasureObjectNeighbors,6,Neighbors,cell,15,24,cell,15,15
MeasureObjectNeighbors,6,Neighbors,cell,15,24,cell,15,19
MeasureObjectNeighbors,6,Neighbors,cell,15,24,cell,15,20
MeasureObjectNeighbors,6,Neighbors,cell,15,24,cell,15,22
MeasureObjectNeighbors,6,Neighbors,cell,15,24,cell,15,23
MeasureObjectNeighbors,6,Neighbors,cell,15,24,cell,15,25
MeasureObjectNeighbors,6,Neighbors,cell,15,24,cell,15,26
MeasureObjectNeighbors,6,Neighbors,cell,15,24,cell,15,28
MeasureObjectNeighbors,6,Neighbors,cell,15,24,cell,15,29
MeasureObjectNeighbors,6,Neighbors,cell,15,25,cell,15,18
MeasureObjectNeighbors,6,Neighbors,cell,15,25,cell,15,19
MeasureObjectNeighbors,6,Neighbors,cell,15,25,cell,15,20
MeasureObjectNeighbors,6,Neighbors,cell,15,25,cell,15,23
MeasureObjectNeighbors,6,Neighbors,cell,15,25,cell,15,24
MeasureObjectNeighbors,6,Neighbors,cell,15,25,cell,15,26
MeasureObjectNeighbors,6,Neighbors,cell,15,25,cell,15,27
MeasureObjectNeighbors,6,Neighbors,cell,15,25,cell,15,29
MeasureObjectNeighbors,6,Neighbors,cell,15,25,cell,15,30
MeasureObjectNeighbors,6,Neighbors,cell,15,26,cell,15,18
MeasureObjectNeighbors,6,Neighbors,cell,15,26,cell,15,19
MeasureObjectNeighbors,6,Neighbors,cell,15,26,cell,15,20
MeasureObjectNeighbors,6,Neighbors,cell,15,26,cell,15,23
MeasureObjectNeighbors,6,Neighbors,cell,15,26,cell,15,24
MeasureObjectNeighbors,6,Neighbors,cell,15,26,cell,15,25
MeasureObjectNeighbors,6,Neighbors,cell,15,26,cell,15,27
MeasureObjectNeighbors,6,Neighbors,cell,15,26,cell,15,28
MeasureObjectNeighbors,6,Neighbors,cell,15,26,cell,15,29
MeasureObjectNeighbors,6,Neighbors,cell,15,26,cell,15,30
MeasureObjectNeighbors,6,Neighbors,cell,15,27,cell,15,14
MeasureObjectNeighbors,6,Neighbors,cell,15,27,cell,15,16
MeasureObjectNeighbors,6,Neighbors,cell,15,27,cell,15,18
MeasureObjectNeighbors,6,Neighbors,cell,15,27,cell,15,21
MeasureObjectNeighbors,6,Neighbors,cell,15,27,cell,15,23
MeasureObjectNeighbors,6,Neighbors,cell,15,27,cell,15,25
MeasureObjectNeighbors,6,Neighbors,cell,15,27,cell,15,26
MeasureObjectNeighbors,6,Neighbors,cell,15,27,cell,15,29
MeasureObjectNeighbors,6,Neighbors,cell,15,27,cell,15,30
MeasureObjectNeighbors,6,Neighbors,cell,15,28,cell,15,20
MeasureObjectNeighbors,6,Neighbors,cell,15,28,cell,15,22
MeasureObjectNeighbors,6,Neighbors,cell,15,28,cell,15,23
MeasureObjectNeighbors,6,Neighbors,cell,15,28,cell,15,24
MeasureObjectNeighbors,6,Neighbors,cell,15,28,cell,15,26
MeasureObjectNeighbors,6,Neighbors,cell,15,28,cell,15,29
MeasureObjectNeighbors,6,Neighbors,cell,15,28,cell,15,30
MeasureObjectNeighbors,6,Neighbors,cell,15,29,cell,15,18
MeasureObjectNeighbors,6,Neighbors,cell,15,29,cell,15,19
MeasureObjectNeighbors,6,Neighbors,cell,15,29,cell,15,20
MeasureObjectNeighbors,6,Neighbors,cell,15,29,cell,15,23
MeasureObjectNeighbors,6,Neighbors,cell,15,29,cell,15,24
MeasureObjectNeighbors,6,Neighbors,cell,15,29,cell,15,25
MeasureObjectNeighbors,6,Neighbors,cell,15,29,cell,15,26
MeasureObjectNeighbors,6,Neighbors,cell,15,29,cell,15,27
MeasureObjectNeighbors,6,Neighbors,cell,15,29,cell,15,28
MeasureObjectNeighbors,6,Neighbors,cell,15,29,cell,15,30
MeasureObjectNeighbors,6,Neighbors,cell,15,30,cell,15,23
MeasureObjectNeighbors,6,Neighbors,cell,15,30,cell,15,25
MeasureObjectNeighbors,6,Neighbors,cell,15,30,cell,15,26
MeasureObjectNeighbors,6,Neighbors,cell,15,30,cell,15,27
MeasureObjectNeighbors,6,Neighbors,cell,15,30,cell,15,28
MeasureObjectNeighbors,6,Neighbors,cell,15,30,cell,15,29
